Company,Symbol
3M,
,NVDA
,AAPL
,MSFT
,GOOGL
,GOOG
,AMZN
,AVGO
,META
,TSLA
,NFLX
,PLTR
,COST
,AMD
,ASML
,CSCO
,MU
,AZN
,TMUS
,SHOP
,ISRG
,LIN
,PEP
,LRCX
,PDD
,APP
,QCOM
,INTU
,AMGN
,AMAT
,INTC
,BKNG
,GILD
,KLAC
,ARM
,TXN
,PANW
,CRWD
,HON
,ADI
,VRTX
,CEG
,MELI
,ADP
,CMCSA
,SBUX
,CDNS
,DASH
,ORLY
,MAR
,CTAS
,MRVL
,MDLZ
,ABNB
,SNPS
,REGN
,MNST
,DDOG
,CSX
,AEP
,ADSK
,TRI
,FTNT
,PYPL
,MSTR
,WDAY
,WBD
,IDXX
,ROST
,PCAR
,NXPI
,EA
,ZS
,ROP
,BKR
,XEL
,FAST
,EXC
,AXON
,TTWO
,FANG
,CCEP
,PAYX
,CPRT
,TEAM
,KDP
,CTSH
,GEHC
,VRSK
,MCHP
,KHC
,CSGP
,ODFL
,CHTR
,BIIB
,DXCM
,TTD
,LULU
,ON
,CDW
,GFS
,SOLS
,BE
,CRDO
,SATS
,IONQ
,OKLO
,FN
,AVAV
,NXT
,JOBY
,BBIO
,GH
,KTOS
,MDGL
,RNA
,SPXC
,STRL
,ENSG
,RMBS
,HL
,CDE
,GTLS
,WTS
,IDCC
,HQY
,SANM
,AHR
,DY
,RGTI
,LUMN
,UMBF
,HIMS
,QBTS
,ONB
,CYTK
,GSAT
,CTRE
,ZWS
,STEP
,AEIS
,SITM
,CRK
,IESC
,CADE
,JBTM
,FCFS
,AXSM
,TTMI
,IBP
,MOD
,FLR
,NUVL
,CDTX
,WAY
,FSS
,RYTM
,APLD
,CMC
,PFSI
,ORA
,PJT
,JXN
,PRIM
,PCVX
,TXNM
,TRNO
,SGHC
,EPRT
,MIR
,RRR
,PTCT
,VLY
,KRYS
,RHP
,ROAD
,ESNT
,CIFR
,SWX
,SMTC
,TMHC
,RDNT
,BTSG
,LIF
,ARWR
,ESE
,POR
,CWAN
,URBN
,CVLT
,LTH
,GATX
,CWST
,UEC
,IRTC
,GBCI
,BOOT
,PIPR
,ACT
,COMP
,BIPC
,HOMB
,BKH
,PTGX
,GKOS
,UFPI
,LMND
,SR
,BMI
,EAT
,ACLX
,COGT
,RIOT
,ACHR
,MMSI
,QLYS
,SOUN
,WK
,ALKS
,UBSI
,BCPC
,ENS
,YOU
,CRSP
,ACA
,KRG
,ABCB
,CNX
,REZI
,TGTX
,OGS
,HWC
,WULF
,MCY
,VSAT
,ACIW
,AGX
,MARA
,NE
,PECO
,SIGI
,RDN
,MZTI
,BCO
,GPI
,CORZ
,MTH
,MC
,NNI
,GOLF
,NJR
,SNEX
,KYMR
,AUB
,PRAX
,SBRA
,GHC
,OSIS
,FLG
,BOX
,MAC
,LEU
,OPCH
,SKY
,MMS
,QTWO
,AX
,PBF
,GVA
,LAUR
,TDS
,AKRO
,ITRI
,FFIN
,HRI
,CALM
,FG
,NPO
,STNE
,RIG
,BDC
,ZETA
,SSRM
,EOSE
,RUN
,CVCO
,MUR
,ABG
,PI
,MGY
,APGE
,MRCY
,BGC
,HASI
,CNR
,HCC
,AROC
,ASB
,CSW
,SIG
,DOCN
,FELE
,NMRK
,IMVT
,IBOC
,VCTR
,KTB
,SEI
,DORM
,CRC
,GPOR
,SLAB
,ACAD
,CRNX
,SXT
,VRNS
,IRT
,KNF
,OSCR
,VSEC
,NWE
,CALX
,HUT
,RSI
,POWL
,ATMU
,VAL
,SKYW
,EBC
,LGND
,VICR
,TMDX
,CNO
,CELC
,GLNG
,FORM
,ALE
,TCBI
,KBH
,SKT
,SFBS
,NOVT
,SMR
,SHAK
,INDV
,CRVL
,PRM
,AMBA
,PLXS
,VIAV
,UPST
,WGS
,GBTG
,UUUU
,RUSHA
,ADMA
,CVI
,COMM
,FTDR
,BANF
,VRRM
,OUT
,UCB
,NHI
,MIRM
,SLG
,AMRX
,PII
,AGYS
,MWA
,PSMT
,CWK
,SRRK
,BNL
,MYRG
,OTTR
,NG
,BTU
,INTA
,LNTH
,CNK
,PL
,MLYS
,ATGE
,EXPO
,PLUG
,HAE
,CARG
,PLMR
,INDB
,KFY
,USLM
,ICUI
,GNW
,IRON
,HGV
,AHL
,MHO
,JOE
,ANF
,PATK
,AVA
,ALHC
,FRSH
,CNS
,CDP
,MATX
,GTX
,RNST
,BL
,GFF
,CBT
,VERX
,GRAL
,AIR
,FIBK
,CATY
,TENB
,TGNA
,FULT
,FBP
,STNG
,CLSK
,CPK
,APPN
,FUL
,ENVA
,BRSL
,VCYT
,XENE
,TPC
,BRZE
,CGON
,BXMT
,FIZZ
,SPSC
,PCH
,TARS
,KAI
,TVTX
,APAM
,ARQT
,MGEE
,GEF
,PTON
,XMTR
,LIVN
,EE
,AAP
,ATEC
,TEX
,WSBC
,ASAN
,WSFS
,BKU
,SBCF
,ASO
,CBU
,AEO
,FLNC
,AZZ
,BLKB
,FOLD
,KGS
,DAVE
,PRVA
,FBK
,TDW
,AWR
,VC
,NMIH
,PBH
,UNF
,BKE
,WHD
,VSCO
,HURN
,LRN
,CPRX
,AKR
,CBZ
,SXI
,BFH
,IDYA
,PPTA
,AVPT
,IPAR
,NSIT
,APLE
,GRBK
,SHOO
,BBAI
,HP
,AVNT
,WOR
,TPH
,SPHR
,VRDN
,PAGS
,CWT
,KAR
,TBBK
,LXP
,CENX
,NATL
,DYN
,TNET
,WDFC
,HWKN
,INSW
,SLNO
,BANC
,LCII
,BOH
,TOWN
,RELY
,SMA
,ABM
,SFNC
,GSHD
,CPRI
,UE
,SUPN
,CVBF
,HG
,LBRT
,REVG
,FCPT
,BCC
,ACLS
,DNLI
,CMPO
,SYNA
,AGIO
,CON
,ALRM
,ZGN
,PRK
,MGRC
,COCO
,LFST
,MRX
,RCUS
,BATRK
,BKD
,DAN
,BTDR
,CURB
,PFS
,DK
,LQDA
,ITGR
,MTRN
,CHEF
,SPNS
,EWTX
,OCUL
,WAFD
,PLUS
,OII
,DEI
,FFBC
,HCI
,CRGY
,SPNT
,QUBT
,EXTR
,GENI
,UNFI
,HBI
,PAX
,DRVN
,KWR
,DBD
,DNOW
,PINC
,BBUC
,TRMK
,AVDL
,FA
,CUBI
,CAKE
,PTEN
,TIC
,RXRX
,CSGS
,WD
,HI
,UPWK
,MSGE
,KNTK
,BEAM
,PARR
,SAH
,DHT
,ATKR
,IVT
,MQ
,NOG
,HUBG
,GT
,AORT
,SM
,ADPT
,CSTM
,NBTB
,OSW
,AMBP
,ALKT
,GCMG
,ESRT
,TNK
,BBT
,GEO
,ACMR
,PGNY
,FBNC
,WRBY
,PHIN
,KMT
,BANR
,FRME
,TGLS
,DIOD
,HTH
,MODG
,TXG
,EPAC
,AMR
,ADUS
,BUSE
,MGNI
,STC
,TRN
,OI
,TERN
,LMAT
,AUPH
,VCEL
,LC
,HE
,PRDO
,ALG
,SONO
,DX
,NWN
,BWIN
,MD
,NHC
,PAYO
,SGRY
,NTCT
,EFSC
,HRMY
,WLY
,SYBT
,SKWD
,SMPL
,KLIC
,KSS
,AI
,TPB
,LION
,GRDN
,FIHL
,ABR
,POWI
,RUM
,CTRI
,NIC
,IOSP
,CENTA
,VSH
,TALO
,CC
,SLVM
,DRH
,SYRE
,INOD
,NGVT
,PAHC
,PRGS
,VERA
,UFPT
,PRKS
,TWST
,BELFB
,SCS
,SHO
,SEZL
,CXW
,HNI
,OFG
,YELP
,MTX
,RXO
,CXM
,AGM
,HLIO
,DFH
,LZ
,CMRE
,ENOV
,CECO
,VECO
,JANX
,CDRE
,MCRI
,DNTH
,ATRO
,TRIP
,ROCK
,GNL
,ENVX
,CHCO
,CCS
,EXPI
,IAS
,NWBI
,LTC
,FDP
,PGEN
,VVX
,JAMF
,FSLY
,NN
,MCW
,TRUP
,PRCT
,HTO
,CLDX
,NNE
,FLYW
,HLMN
,ADNT
,ANDE
,REAL
,AMRC
,INVA
,CMPR
,NUVB
,PWP
,FCF
,PCT
,ENR
,WMK
,VRE
,SEM
,TR
,BLBD
,LILAK
,ATRC
,BLX
,CLMT
,WT
,JJSF
,GTY
,WS
,NXRT
,NEXT
,UTI
,FIVN
,ARLO
,OMCL
,VAC
,PAR
,CCB
,HPP
,JBLU
,IMNM
,CASH
,AAMI
,MAZE
,PGRE
,MNKD
,LASR
,STEL
,BHE
,FIGS
,UNIT
,XPRO
,AMSC
,NTST
,AMPX
,FUN
,INVX
,RVLV
,TILE
,KALU
,STOK
,HROW
,QDEL
,WINA
,SRCE
,VYX
,BCRX
,PBI
,CNXN
,TCBK
,LKFN
,ELME
,GABC
,AAT
,EFC
,STBA
,WERN
,ARCB
,MBIN
,AAOI
,COLL
,VITL
,ICFI
,PD
,AMPL
,SNDX
,NSSC
,ADEA
,LOB
,SBH
,DGII
,RHLD
,FLNG
,NABL
,ROG
,ARDX
,DXPE
,HOUS
,WLDN
,SPB
,COUR
,NESR
,SHLS
,IIPR
,TRVI
,AMLX
,ZYME
,IMKTA
,XHR
,WKC
,NBHC
,NEOG
,METC
,ARI
,AZTA
,DCO
,LADR
,OUST
,PHR
,PZZA
,CNMD
,NEO
,TNC
,GBX
,KW
,DOLE
,UPB
,HOPE
,QCRH
,UVV
,ORKA
,DVAX
,VMEO
,ELVN
,RBCAA
,AIN
,MBC
,STAA
,NRIX
,SILA
,UMH
,IDT
,WWW
,MVST
,FUBO
,ROOT
,NVCR
,CLOV
,TRS
,LZB
,PLAB
,SDGR
,AHCO
,TNDM
,BY
,PEB
,TFIN
,TDOC
,ATEN
,NSP
,ARRY
,PRA
,DFIN
,ALIT
,CTS
,VRNT
,LEG
,BFC
,ZD
,WTTR
,ORC
,HCSG
,STGW
,CNOB
,HSII
,ALGT
,MXL
,AMPH
,BLFS
,LNN
,CRI
,THS
,XERS
,GRC
,AMC
,WABC
,BBNX
,CRAI
,DCOM
,GIII
,ORIC
,NAVI
,SFL
,WVE
,DEC
,ALEX
,PRLB
,BV
,GCT
,NVGS
,ACVA
,DHC
,SLDP
,CSR
,SAFT
,THR
,NVAX
,INBX
,MNMD
,LPG
,SBGI
,MMI
,EVLV
,LUNR
,RLJ
,TSHA
,XPEL
,LGIH
,VTOL
,PFBC
,URGN
,RLAY
,PRO
,VRTS
,AXGN
,AESI
,PRG
,ECPG
,UCTT
,GO
,THRM
,MDXG
,BHVN
,DEA
,JBGS
,TNGX
,ASTH
,REX
,USPH
,PX
,PMT
,OBK
,HLIT
,NVRI
,PRCH
,IRMD
,XNCR
,YEXT
,PHAT
,COHU
,PEBO
,NRDS
,FWRG
,OCFC
,PDM
,UAMY
,PUMP
,KOD
,TTI
,PCRX
,MLKN
,NPKI
,SCL
,TWO
,NTLA
,CIM
,ASTE
,PENG
,PLYM
,CSTL
,CBL
,HLX
,PDFS
,PVLA
,UPBD
,CTBI
,OPK
,IOVA
,ECVT
,KURA
,HLF
,TMP
,UVE
,OSBC
,PRSU
,MSEX
,SAFE
,HRTG
,FTRE
,EYPT
,GOGO
,MFA
,UFCS
,WGO
,ANAB
,IART
,GLUE
,TDUP
,BHRB
,BORR
,RZLT
,UTZ
,IIIV
,DLX
,RPD
,HNRG
,FLGT
,RCAT
,BBSI
,DAWN
,DAKT
,TBPH
,EVER
,AVO
,ALNT
,ASPI
,SCSC
,FMBH
,CRMD
,EIG
,ABUS
,UVSP
,SVRA
,SBSI
,MEG
,CCOI
,PNTG
,UTL
,ACEL
,TK
,EPC
,EMBC
,GLDD
,LMB
,AMAL
,SMP
,ODP
,JBI
,ESQ
,ODC
,SPRY
,HBNC
,HIPO
,CFFN
,CDNA
,SENEA
,CNNE
,VTS
,AIV
,FBRT
,RDVT
,MOFG
,BTBT
,HAFC
,BCAX
,BLND
,QNST
,EQBK
,CPF
,INDI
,MRTN
,JBSS
,GDEN
,MATW
,NTGR
,NAT
,BJRI
,AMSF
,VIR
,CTLP
,ERII
,KODK
,NBBK
,UDMY
,SSTK
,RIGL
,GNK
,SIBN
,HFWA
,AMWD
,BFST
,AMTB
,CMP
,FSBC
,MBWM
,AXL
,TRST
,GERN
,CCNE
,NBN
,HSTM
,LQDT
,APOG
,MATV
,NBR
,PLOW
,CLB
,MCB
,GCI
,SCHL
,BRSP
,VSTS
,REPL
,TRTX
,HTB
,CTKB
,SG
,ESPR
,GDYN
,CWH
,LXU
,CCBG
,TREE
,CARS
,KE
,SABR
,KOS
,WSR
,ARVN
,VTLE
,GPRE
,MPB
,CBRL
,THFF
,ORRF
,CAC
,AIOT
,MCBS
,MTUS
,SNCY
,MYE
,LINC
,RWT
,GSBC
,CSV
,AHH
,BZH
,RYI
,HTBK
,GHM
,BBW
,ADAM
,IBCP
,PRAA
,IIIN
,MYGN
,SPT
,APEI
,AEHR
,HOV
,AMN
,ADTN
,GDOT
,SPFI
,SMBC
,SMBK
,CABO
,BDN
,FCBC
,CEVA
,NX
,SRDX
,OFIX
,FISI
,INN
,FOXF
,RGNX
,APPS
,BLMN
,ETD
,KOP
,SHEN
,CWCO
,SXC
,CTO
,CPS
,ALRS
,NWPX
,GOOD
,UHT
,KFRC
,IRWD
,AVNS
,CASS
,TCMD
,IVR
,DJCO
,EBS
,IHRT
,SHBI
,OXM
,SD
,WASH
,KROS
,PKST
,MNRO
,TCBX
,ZVRA
,NRIM
,ICHR
,AROW
,TRNS
,FMNB
,VREX
,RGR
,EVH
,PSTG
,UTHR
,CASY
,TWLO
,GWRE
,RBA
,SGI
,ILMN
,NTNX
,BURL
,ACM
,THC
,NVT
,MEDP
,TLN
,LITE
,BWXT
,USFD
,RGLD
,XPO
,TRU
,WMG
,WWD
,APG
,MTZ
,RYAN
,PFGC
,WPC
,OKTA
,NBIX
,ITT
,ROIV
,RS
,JLL
,WSO
,RPM
,RBC
,ATI
,GGG
,AMH
,OHI
,BSY
,CACI
,LAMR
,UNM
,TOL
,HLI
,GLPI
,WCC
,RGA
,LECO
,BJ
,SF
,RNR
,SNX
,VNOM
,ALLY
,MTSI
,AFG
,BLD
,MLI
,WMS
,JEF
,WTRG
,GMED
,SCI
,TXRH
,PR
,ORI
,PEN
,AYI
,MANH
,AR
,PAG
,BMRN
,NYT
,MP
,ARMK
,SEIC
,OVV
,AA
,REXR
,TTEK
,MKSI
,PEGA
,FYBR
,AIT
,GME
,ALV
,WBS
,KNSL
,RRX
,PSN
,OGE
,RRC
,GAP
,SSB
,PPC
,PLNT
,APPF
,LSCC
,MORN
,AM
,AAL
,JAZZ
,WAL
,WTFC
,RGEN
,ADC
,BIO
,OC
,HALO
,WLK
,MASI
,BRX
,PRI
,PCTY
,AVTR
,SFM
,AGCO
,AMKR
,ATR
,OSK
,VMI
,NNN
,AAON
,OLLI
,ZION
,UGI
,NEU
,STAG
,NFG
,HLNE
,AMG
,LAD
,VNO
,SAIA
,KNX
,CBSH
,LNW
,AN
,TTC
,IDA
,PNFP
,SSD
,R
,INGR
,STWD
,VOYA
,JHG
,WING
,SNV
,THG
,HR
,ONTO
,PB
,BRKR
,AXTA
,BYD
,MTG
,MSA
,MAT
,MIDD
,LFUS
,VFC
,KEX
,KD
,RLI
,POST
,SLM
,NOV
,GXO
,ARW
,HRB
,CAVA
,LEA
,NXST
,OLED
,HXL
,WH
,TKR
,M
,KBR
,MTN
,LPX
,THO
,VNT
,WFRD
,MTDR
,GNTX
,BILL
,MSM
,KRC
,OZK
,ALK
,CAR
,WEX
,GPK
,LOPE
,ALGM
,SHC
,BBWI
,ST
,LSTR
,NSA
,BC
,SAIC
,TNL
,SON
,SLGN
,VVV
,WHR
,AVT
,PVH
,BHF
,TREX
,IPGP
,RYN
,BRBR
,SMG
,NVST
,GTM
,RH
,YETI
,ASH
,OLN
,KMPR
,XRAY
,SAM
,PK
,UAA
,UA
,PRGO
,ASGN
,IRDM
,BRK-B
,LLY
,JPM
,WMT
,V
,ORCL
,XOM
,MA
,JNJ
,ABBV
,BAC
,HD
,PG
,GE
,CVX
,KO
,UNH
,IBM
,WFC
,MS
,CAT
,AXP
,PM
,GS
,RTX
,CRM
,MRK
,ABT
,MCD
,TMO
,DIS
,UBER
,T
,C
,NOW
,NEE
,VZ
,BX
,SCHW
,BLK
,APH
,ANET
,TJX
,GEV
,DHR
,BSX
,ACN
,SPGI
,BA
,PFE
,SYK
,ADBE
,COF
,ETN
,WELL
,UNP
,PGR
,LOW
,DE
,MDT
,CB
,PLD
,IBKR
,COP
,KKR
,HOOD
,HCA
,LMT
,PH
,MCK
,CME
,CVS
,SO
,BMY
,NEM
,MO
,NKE
,DUK
,GD
,TT
,MMM
,MMC
,DELL
,MCO
,ICE
,AMT
,WM
,SHW
,HWM
,UPS
,NOC
,JCI
,BK
,EQIX
,COIN
,APO
,TDG
,AON
,WMB
,ECL
,USB
,ELV
,CI
,EMR
,PNC
,ITW
,COR
,GLW
,TEL
,RCL
,SPG
,GM
,AJG
,RSG
,CMI
,AZO
,TRV
,PWR
,MSI
,NSC
,CL
,FDX
,HLT
,KMI
,AFL
,SRE
,MPC
,EOG
,VST
,APD
,FCX
,TFC
,PSX
,STX
,ALL
,VLO
,BDX
,DLR
,SLB
,LHX
,WDC
,URI
,ZTS
,F
,MET
,O
,D
,EW
,NDAQ
,CAH
,PSA
,CARR
,CBRE
,CTVA
,AME
,GWW
,OKE
,LVS
,MPWR
,KR
,MSCI
,AMP
,ROK
,ETR
,AIG
,DHI
,OXY
,CMG
,A
,YUM
,PEG
,FICO
,TGT
,CCI
,DAL
,EBAY
,IQV
,XYZ
,PRU
,EQT
,VMC
,GRMN
,HIG
,TRGP
,RMD
,ED
,VTR
,PCG
,WEC
,MLM
,HSY
,SYY
,XYL
,OTIS
,WAB
,FISV
,KMB
,CCL
,FIS
,NUE
,ACGL
,STT
,EXPE
,VICI
,EL
,KVUE
,RJF
,NRG
,LYV
,UAL
,WTW
,KEYS
,LEN
,HPE
,IR
,TSCO
,WRB
,EXR
,K
,MTD
,MTB
,DTE
,ATO
,HUM
,AEE
,ADM
,FITB
,EXE
,ROL
,EME
,ES
,BRO
,FSLR
,FOXA
,FOX
,CBOE
,PPL
,IRM
,TER
,SYF
,FE
,BR
,CNP
,CINF
,AWK
,STE
,EFX
,GIS
,AVB
,DOV
,HBAN
,VLTO
,LDOS
,NTRS
,ULTA
,TDY
,TPL
,VRSN
,PODD
,HPQ
,HUBB
,EQR
,PHM
,HAL
,DG
,EIX
,WSM
,STLD
,TROW
,WAT
,STZ
,CMS
,DVN
,CFG
,LH
,PPG
,RF
,NTAP
,SMCI
,L
,JBL
,PTC
,DLTR
,SBAC
,DGX
,TPR
,INCY
,DRI
,CHD
,NI
,RL
,TYL
,CTRA
,IP
,NVR
,CPAY
,AMCR
,KEY
,WST
,TSN
,BG
,PFG
,EXPD
,J
,TRMB
,SW
,CHRW
,Q
,ZBH
,PKG
,CNC
,GPN
,GPC
,MKC
,GDDY
,EVRG
,ESS
,APTV
,SNA
,PNR
,INVH
,LNT
,IFF
,LUV
,DD
,PSKY
,LII
,IT
,HOLX
,FTV
,GEN
,DOW
,WY
,BBY
,JBHT
,MAA
,NWSA
,NWS
,ERIE
,LYB
,TKO
,TXT
,COO
,UHS
,ALLE
,OMC
,DPZ
,KIM
,FFIV
,EG
,AVY
,ALB
,CF
,BF-B
,SOLV
,NDSN
,REG
,UDR
,BALL
,MAS
,WYNN
,AKAM
,CLX
,VTRS
,BXP
,IEX
,HRL
,HII
,ZBRA
,HST
,DOC
,DECK
,JKHY
,SJM
,BEN
,BLDR
,AIZ
,HAS
,DAY
,CPT
,IVZ
,PNW
,GL
,RVTY
,SWK
,FDS
,SWKS
,ALGN
,EPAM
,AES
,MRNA
,BAX
,TECH
,CPB
,TAP
,AOS
,POOL
,PAYC
,IPG
,GNRC
,ARE
,MGM
,APA
,DVA
,HSIC
,FRT
,NCLH
,CAG
,CRL
,MOS
,LW
,LKQ
,MTCH
,MOH
,MHK
,TSM
,TM
,QQQ
,SHEL
,SONY
,UL
,TD
,TTE
,TBB
,SPOT
,UBS
,SMFG
,SCCO
,NTES
,SNOW
,SE
,VRT
,ALNY
,TRP
,ARGX
,SU
,VALE
,WPM
,VEEV
,FER
,TAK
,BIDU
,ONC
,WCN
,CRWV
,UI
,ERIC
,SLF
,WDS
,STLA
,TEVA
,TME
,WIT
,NTRA
,SHG
,VIK
,XPEV
,FUTU
,BNTX
,FWONK
,FWONA
,CYBR
,DVY
,ALAB
,TEF
,AFRM
,TU
,ASTS
,FCNCA
,ESLT
,NBIS
,SOJC
,FLEX
,TOST
,TS
,CHKP
,TECK
,VIV
,STM
,TLK
,CG
,VG
,UMC
,FITBI
,ULS
,DUKH
,YUMC
,FTAI
,SUI
,U
,WES
,YPF
,ZTO
,DKNG
,SNAP
,ARCC
,SQM
,EWBC
,SNN
,W
,WF
,DOCU
,YMM
,PFF
,SN
,EXAS
,ASND
,STN
,ENTG
,ACGLO
,PAA
,CSB
,EXEL
,CELH
,BILI
,TIMB
,FRMI
,SUZ
,AGNC
,CART
,COKE
,BPYPP
,BZ
,VIPS
,SUN
,DRS
,UHAL
,NVMI
,OTEX
,AGNCM
,AGNCN
,DUOL
,FRHC
,ABVX
,DOX
,MNDY
,NICE
,UWMC
,CFLT
,OPEN
,FIVE
,COLB
,AUR
,CORT
,SKM
,CIGI
,BPOP
,DBX
,NTSK
,VIRT
,FIGR
,MRUS
,MMYT
,DSGX
,TFII
,CHYM
,FSV
,TX
,ZK
,FROG
,CHDN
,TAL
,CAI
,QMMM
,BOKF
,TFPM
,MKTX
,STUB
,SEE
,EXLS
,CGNX
,STVN
,CRUS
,PONY
,SITE
,SOBO
,TEO
,GDS
,ATAT
,UNMA
,CHRD
,OS
,ENLT
,VIST
,OMAB
,TKC
,WTM
,CACC
,TFX
,TGS
,DOOO
,CCC
,CLBT
,WFG
,CAMT
,TAC
,UGP
,BULL
,SSL
,ABTC
,NAMS
,SPR
,NAVN
,WPP
,PAGP
,DLO
,BLTE
,BLLN
,CZR
,CNTA
,DJTWW
,NEGG
,XZO
,ALM
,TV
,PLTK
,PHVS
,CLBK
,EVCM
,BITF
,NYAX
,ATAI
,ACHC
,OXLC
,NWL
,PIII
,METCB
,VET
,QQQX
,PSIX
,CERT
,AFYA
,TUYA
,PSEC
,ARHS
,SVV
,SPH
,DSGR
,VOYG
,MGIC
,CCEC
,OPRA
,OCSL
,OMDA
,CSWC
,CVAC
,MRVI
,NKTR
,PHAR
,DMLP
,NNNN
,PPH
,OCS
,CRTO
,EH
,MFIC
,ABCL
,EVO
,MOMO
,YALA
,SEMR
,CRML
,WBI
,EZPW
,BBOT
,UAN
,GDRX
,NBTX
,SUPV
,PLPC
,CRCT
,NMFC
,PLSE
,CRON
,BLDP
,TYG
,PEY
,EVGO
,ASST
,FSUN
,CHY
,MLTX
,BETR
,XIFR
,CGBD
,AEBI
,CMPX
,AVBP
,CHI
,ECX
,CCCX
,BTQ
,UP
,ATLC
,AHG
,MOBBW
,FORD
,ORGO
,CRESY
,TEN
,VLRS
,TXO
,THQ
,WDI
,TE
,SKYH
,OWLS
,ERAS
,SES
,FDUS
,ATXS
,EEMA
,VEL
,OLPX
,DGICB
,DGICA
,VTEX
,DNUT
,ACDC
,PROK
,DCBO
,PSNL
,MGTX
,SMWB
,FWRD
,WLKP
,CRSR
,NB
,AQST
,CTMX
,VMO
,CRVS
,DSP
,STK
,CD
,AEVA
,ABL
,AXG
,CGNT
,AMRK
,YSG
,FDMT
,BCAL
,PRME
,SNDA
,NUTX
,BWMN
,AIP
,BMBL
,ONEQ
,MPLT
,CEPF
,POET
,SOC
,OPT
,ACIC
,ADSE
,MNPR
,ASMB
,WDH
,OLMA
,CCD
,ALTI
,AOSL
,DEFT
,ELVR
,NAGE
,VGM
,MGPI
,TROX
,ALMS
,GAIN
,PRTA
,VCV
,WIW
,VKQ
,OMER
,PFM
,DVLT
,PLAY
,VVR
,FFIC
,FIP
,ORBS
,EU
,GBFH
,CLMB
,DOMO
,CMPS
,BVS
,ANGO
,EGBN
,CCAP
,CGEM
,THW
,FUFU
,ACNB
,TWI
,ZKH
,PACB
,TBN
,BYND
,AVXL
,ARKO
,CLNE
,XYF
,NBP
,ANGI
,DBVT
,OSPN
,AXTI
,CBLL
,EOLS
,WEAV
,ABAT
,FULC
,CHW
,PFIS
,PERI
,WOLF
,FRPH
,AKBA
,BWB
,AIRTP
,ANSC
,CBNK
,BCYC
,PGC
,FBYD
,ETON
,YRD
,NMRA
,DDI
,COFS
,CCSI
,CNCK
,WOW
,BNTC
,TRC
,BACQ
,NFBK
,CMCO
,CLPT
,FBIZ
,CYRX
,BAND
,ENGN
,PRTH
,ALT
,CDZI
,OXLCO
,NPCE
,CLFD
,ALLT
,PUBM
,VPG
,ATEX
,ABSI
,POM
,ESEA
,CIVB
,ARQQ
,PANL
,DSGN
,BMRC
,MLAB
,MITK
,BCAR
,BRBI
,CWBC
,CMRC
,DRUG
,ASTL
,NEXN
,CGC
,SGU
,GBLI
,SDHY
,OTLY
,NATH
,BYRN
,GDEV
,OPAL
,PRTC
,BSRR
,BRCB
,BSVN
,ZIP
,ANNX
,CCIX
,CVGW
,ADV
,FRBA
,TCI
,NVA
,PCAP
,CARE
,OCGN
,NCMI
,ALF
,PDLB
,NGNE
,GCBC
,CLLS
,ANPA
,SOR
,BGIN
,ZH
,NATR
,CRNC
,XFLT
,ADUR
,VHI
,CCRN
,AUTL
,SITC
,PHOE
,MTLS
,ZEPP
,CHAC
,BWFG
,CAEP
,DHIL
,AIRS
,GALT
,CCII
,USNA
,ACTG
,OBT
,BDCI
,NRC
,AURA
,AIRO
,CZNC
,SCM
,CARL
,BLZR
,MSBI
,ENTA
,EM
,AMCX
,SOUL
,OTGA
,BRR
,DMAA
,PTLO
,OYSE
,AXIN
,FMAO
,AMRN
,EPRX
,PBFS
,NNDM
,PEPG
,CEPT
,FCEL
,TWN
,ARTNA
,CTRN
,MVBF
,CBK
,MTRX
,BEAG
,SPMC
,ACIU
,DRTS
,AREC
,EGAN
,CEPV
,FERA
,CUB
,BLUW
,AENT
,MLAC
,PACH
,BBCP
,BWAY
,PALI
,CTNM
,OBA
,NPAC
,CRAQ
,DENN
,PLTS
,DCTH
,ALDF
,NFE
,CNDT
,SPXX
,CERS
,NIU
,XPOF
,POLE
,BCML
,PCB
,API
,DMAC
,WNC
,ATII
,ZTR
,DMAAU
,NVEC
,TEI
,ALDX
,FSBW
,ATNI
,MKLY
,EFTY
,PAYS
,SJT
,NKLR
,CPZ
,SI
,MLACU
,PLBC
,TG
,BLZE
,PKOH
,XPER
,TDF
,SMC
,NEWT
,DRDBU
,FNLC
,OPRX
,NHIC
,WTI
,AACB
,CUBWU
,AVNW
,MREO
,DH
,PLMKU
,BACC
,APAD
,OFLX
,NODK
,ASLE
,BZAI
,PUI
,CGCT
,SMRT
,BIOA
,MNTK
,FSTR
,PYXS
,AUDC
,SEG
,ATIIU
,AACBU
,FEIM
,ALLO
,AVBH
,NECB
,TRAK
,SLQT
,CZFS
,AVTX
,EGHT
,ACRS
,FRST
,CURI
,BRY
,SBXD
,PCYO
,GDC
,NXXT
,FHTX
,CV
,AIRJ
,CAPR
,PDYN
,CDRO
,FDBC
,OACC
,AFRI
,ETHZ
,BDTX
,DFDV
,ACB
,MPAA
,ALCO
,NWFL
,PMTR
,CADL
,PKBK
,EDIT
,PLMK
,GASS
,CHMG
,NVX
,FACT
,SPIR
,PBYI
,FINW
,FUND
,ANTA
,ABEO
,OVLY
,PESI
,ACHV
,ALMU
,CVRX
,TPVG
,NETD
,DRDB
,PVBC
,CCCC
,ALTS
,AVIR
,PTNM
,NAUT
,FUNC
,CURR
,OBIO
,DAAQ
,AARD
,MDWD
,FLX
,TSI
,PNRG
,SRG
,SPCE
,MYFW
,MFIN
,ELVA
,ATGL
,PRQR
,BPRN
,FVCB
,ONEW
,CFFI
,PRE
,ASUR
,FBLA
,NUAI
,CABA
,OABI
,ONCH
,ARCT
,BNC
,AZ
,FENC
,FRAF
,CBIO
,BRLT
,PAL
,FXNC
,NYXH
,EWCZ
,EMPD
,FCCO
,CEPO
,OPRT
,PPIH
,POWW
,FSFG
,PAMT
,CXDO
,OMSE
,DERM
,GCL
,OGI
,PROF
,CRGO
,SMHI
,DOYU
,DYORU
,SRV
,CAMP
,OPBK
,FLWS
,MDXH
,FIGX
,WIA
,CRBP
,MRAM
,EFSI
,VPV
,PLCE
,NKSH
,MRNO
,UIS
,CRNT
,ATLO
,FLXS
,NNOX
,NTWO
,CRBU
,FNKO
,CPSS
,DPRO
,GAMB
,DUOT
,DIBS
,ESCA
,DGXX
,BGL
,PLBY
,BZUN
,VBF
,VLN
,FBRX
,NTHI
,NUTR
,NEOV
,FTLF
,CHEC
,BLFY
,ETHM
,CBFV
,AVX
,DMRC
,MRBK
,MIST
,NIPG
,ESOA
,MXCT
,BLNK
,CEP
,OVBC
,BCIC
,BVFL
,OSUR
,FTCI
,VTN
,ARBE
,BHST
,CZWI
,SRI
,ONEG
,SPE
,PEBK
,ZVIA
,FRD
,NMP
,DOGZ
,OXSQ
,ESGL
,PGJ
,SDHC
,CGEN
,MOLN
,ALTO
,EGHA
,EMIS
,SRFM
,AVR
,FFAI
,CYPH
,APYX
,CRMT
,ECBK
,NVCT
,FNWD
,FCAP
,WHG
,CHCI
,ARQ
,CHRS
,FLD
,BTM
,PMTS
,BANX
,ELTX
,FORR
,AEYE
,CDXS
,AGEN
,YCY
,CFBK
,ANIK
,ANIX
,CRDF
,EMPG
,AMBR
,BFIN
,ATLN
,CTW
,DTIL
,MRCC
,MNSB
,STEM
,BEEP
,MRSN
,EXOZ
,ACTU
,CGTX
,ANNA
,ALEC
,OCCI
,AHMA
,CCLD
,BUUU
,BTCS
,NKTX
,WEA
,BCBP
,EXFY
,ELDN
,EBMT
,CAAS
,AGCC
,CLAR
,CLYM
,ACNT
,BSET
,AMTX
,OSS
,ACOG
,ARAI
,ARAY
,ENTX
,COYA
,TPZ
,EHTH
,AISP
,PELI
,BNR
,BOOM
,EML
,PCSC
,AFBI
,CNTB
,FGNX
,ONCY
,MERC
,BTMD
,CGO
,AEC
,CHAR
,PGAC
,CCHH
,EUDA
,FOSL
,ABVE
,CSPI
,CTOR
,ABOS
,BSBK
,GANX
,BIOX
,DLTH
,MGYR
,FGMCU
,EPSN
,CNTX
,BAER
,QMCO
,PNBK
,PLRX
,ASYS
,ASPS
,OMEX
,PDEX
,DCGO
,CRDL
,MMLP
,FGMC
,QIPT
,CHPG
,MGNX
,PROV
,NOMA
,GAIA
,AEI
,SQNS
,BABA
,SAP
,NVS
,NVO
,RY
,BHP
,SNY
,BBVA
,BTI
,RIO
,IBN
,ENB
,GSK
,BP
,BMO
,MFG
,BNS
,PBR
,ITUB
,NGG
,ING
,RELX
,LYG
,AMX
,NWG
,CP
,B
,EQNR
,CCZ
,ET
,MFC
,DEO
,CPNG
,RKT
,FERG
,LNG
,INSM
,CCJ
,ABEV
,ALC
,FNV
,CLS
,HEI
,GFI
,NOK
,CVNA
,BBDO
,RDDT
,FLUT
,SYM
,CVE
,RYAAY
,CHT
,KB
,ASX
,FIX
,CUK
,KGC
,MT
,VOD
,LPLA
,IX
,NTR
,MDB
,AMRZ
,FTS
,MKL
,CQP
,RKLB
,OWL
,RPRX
,GRAB
,TPG
,KEP
,EC
,HUBS
,SSNC
,CW
,BAP
,RIVN
,IHG
,BCH
,SBS
,PINS
,FTI
,IUSG
,LOGI
,SHY
,Z
,ZG
,AS
,BIP
,CRS
,CIB
,CX
,JBS
,CRBG
,KSPI
,H
,EMA
,BSAC
,BNT
,MGA
,AGI
,IEF
,ONON
,RBRK
,IREN
,SMMT
,LTM
,RTO
,RVMD
,KLAR
,EQH
,CNH
,ICLR
,ELS
,QXO
,DTM
,HMY
,TSEM
,CCK
,IONS
,EMBJ
,EHC
,IBB
,SAIL
,CLH
,PAC
,ELAN
,CR
,GLXY
,FHN
,DINO
,MBLY
,XP
,CMA
,ACI
,BWA
,ESTC
,QGEN
,LYFT
,CNM
,DOCS
,GGAL
,ASR
,BROS
,CAE
,GIL
,EDU
,KT
,FLS
,KVYO
,SFD
,PSO
,LEVI
,TIGO
,BEP
,IAG
,TTAN
,ELP
,VFS
,KRMN
,QRVO
,AWI
,AXS
,CFR
,LLYVK
,FR
,PDI
,GTLB
,SIRI
,ICL
,EMN
,WIX
,HESM
,ADT
,ALSN
,LBRDA
,LBRDK
,ESAB
,GGB
,FND
,FAF
,EXP
,CMSA
,ESI
,HBM
,RITM
,BXSL
,OR
,AG
,CLF
,PRMB
,BVN
,BLCO
,FBIN
,EGO
,ETSY
,LEGN
,BMA
,FRO
,LB
,NXE
,S
,DAR
,IEP
,JSM
,REYN
,MRP
,HHH
,KMX
,AVAL
,PAM
,SLMBP
,LCID
,INGM
,LAZ
,AQN
,PAY
,HGTY
,LPL
,IFS
,ELF
,CHH
,CE
,FSK
,MDU
,NIQ
,INTR
,AGO
,SMH
,KEN
,VEON
,AD
,CROX
,TFSL
,FHI
,SNDR
,DNP
,RUSHB
,LBTYB
,LBTYA
,AB
,BRC
,PTRN
,KC
,NEA
,CXT
,VIA
,DJT
,ETOR
,TLX
,HIW
,AAPG
,HTGC
,WSC
,RARE
,COTY
,VLYPP
,PLBL
,ARX
,FHB
,CSQ
,HOVNP
,MH
,JOYY
,CMBT
,MENS
,AUGO
,NCNO
,COLM
,ATHM
,USAC
,BSM
,BBU
,WU
,CHA
,RLX
,TMC
,WRD
,NVG
,MANU
,RNW
,GRND
,BB
,ONDS
,HTFL
,IAC
,WB
,HCM
,PTY
,VTMX
,TDC
,INSP
,BKV
,CGAU
,NZF
,DRD
,FORTY
,ZLAB
,CCU
,DKL
,BTE
,FLO
,GDV
,SII
,UTF
,RNG
,ODD
,DXC
,EXK
,TRMD
,GOF
,CSIQ
,CEPU
,CNXC
,SOXX
,SEDG
,SBET
,IHS
,AAUC
,SLDE
,GLPG
,IBRX
,KYN
,IQ
,TSLX
,BWLP
,SRPT
,GEL
,MESO
,ZIM
,ZBIO
,RAMP
,NUV
,QURE
,HMN
,EVTC
,EYE
,CENT
,USA
,PDO
,BELFA
,NOMD
,NAC
,STEW
,DAC
,LSPD
,FMC
,SHCO
,ALVO
,DV
,ETG
,WBTN
,ETV
,WEN
,SION
,EFXT
,LILA
,ECAT
,BDJ
,RQI
,BCAT
,HUN
,BXMX
,GLP
,HBNB
,MSDL
,LOMA
,BTT
,BST
,JKS
,LAC
,KARO
,CYD
,NRP
,HCXY
,ARDT
,CTOS
,DSL
,MHLA
,GOOS
,HIMX
,JFR
,TLRY
,LUXE
,MAAS
,FOR
,IMTX
,ECO
,IRS
,GSL
,IPX
,EOS
,NFJ
,TBLA
,DAO
,KDK
,RAPP
,LUCK
,NBXG
,ALX
,MBX
,PTA
,TASK
,BBN
,HDL
,SEPN
,GIC
,MNTN
,MUC
,KBDC
,HQH
,EAI
,RNP
,AOD
,IMSR
,BH
,PDX
,LOT
,LVWR
,PBT
,YB
,BBDC
,GLIBK
,GLIBA
,BMEZ
,ASIC
,AWF
,ULCC
,FPH
,RDW
,PFLT
,RERE
,BOW
,INMD
,BCSF
,NRK
,WLFC
,GES
,ODV
,GMRE
,LAES
,GHRS
,YDES
,SKYT
,PCN
,WOOF
,ATUS
,BALY
,ANGX
,OPFI
,STRD
,MQY
,EOI
,SENEB
,MAX
,CAPL
,EMO
,AIO
,RAPT
,SSYS
,EEX
,QD
,SIFY
,GILT
,NOAH
,ECC
,GYRE
,BTX
,AGRO
,VINP
,GRPN
,WYFI
,JQC
,RING
,HEPS
,HBT
,MSC
,NGVC
,ITRN
,RSKD
,MYI
,MEGI
,CTEV
,TIPT
,LAR
,GSM
,RA
,NCDL
,YDKG
,PFN
,DLY
,NIE
,LX
,BHK
,WRLD
,ACP
,KALV
,VTYX
,NPK
,LXEO
,NXDR
,TBLD
,RR
,GETY
,SVA
,NDMO
,SERV
,GOTU
,MUJ
,TH
,GOSS
,MSIF
,IBTA
,LDP
,EMD
,CINT
,MHD
,IFN
,HUYA
,ASGI
,NMCO
,ETJ
,IIM
,HTLD
,UXIN
,IVA
,KRNT
,BIT
,KRUS
,SFIX
,MMU
,CANG
,KRO
,EVMN
,IVVD
,KREF
,AEXA
,VSTM
,GUT
,BLW
,TATT
,GTN
,TALK
,BWMX
,ITIC
,BGB
,AHT
,CION
,BGY
,RMT
,NRGV
,BME
,CLCO
,FTHY
,PSTL
,HKD
,VLGEA
,TRON
,ADCT
,GUG
,LE
,HCKT
,HZO
,STKL
,MCTA
,SB
,TCPC
,JBIO
,BKSY
,MBUU
,KIO
,UNTY
,DNA
,GEVO
,IBEX
,DPG
,CVLG
,SCVL
,ISD
,LZMH
,KLC
,LEGH
,LAB
,RSVR
,JFIN
,NPFD
,GIW
,GTEN
,AAM
,HLLY
,TLS
,HPI
,GLRE
,NQP
,IGD
,IMXI
,ECCX
,BKKT
,BFK
,DFP
,EVN
,NMAI
,LAW
,NLOP
,BBBY
,FINS
,TSSI
,PACK
,MCI
,SNDL
,SIGA
,EBF
,FRA
,GLAD
,VFF
,PSFE
,FFA
,FPI
,HBCP
,TLNC
,PNNT
,GBAB
,WEST
,THH
,KMDA
,AMBC
,IMRX
,MAMA
,EHAB
,MOV
,LANDM
,MTW
,TWFG
,EVTL
,GRVY
,KRNY
,RMAX
,XOMA
,SFST
,LEO
,RXST
,VSTA
,RYAM
,NOA
,VERI
,ZUMZ
,GNE
,TOI
,TITN
,HSHP
,RDAG
,DIN
,GPAT
,MYN
,TACO
,HIX
,PSBD
,SWBI
,ORN
,JRI
,TSAT
,LBRX
,OIS
,NC
,ANRO
,SGHT
,RM
,NGS
,WTBA
,DDL
,AUNA
,BGS
,KFS
,XRX
,GFR
,LAND
,BKT
,SY
,HIO
,SAR
,SDHI
,HFRO
,RMNI
,HPF
,RWAY
,TACH
,IPI
,EAF
,BGR
,IPCX
,GIG
,GCO
,SMLR
,SLP
,ONIT
,MBVI
,KCHV
,PAII
,VALU
,EDD
,PPT
,HCMA
,SBC
,FET
,KNOP
,CLDT
,ASG
,MIY
,CMDB
,TVA
,HYAC
,RCS
,BFZ
,LXFR
,XFOR
,RNGR
,USCB
,SLN
,BGT
,SZZL
,EIC
,AFB
,SVAC
,VCIC
,KOYN
,WILC
,ACCO
,MHN
,KELYA
,KELYB
,OCFT
,NPCT
,FVR
,AVBC
,ISBA
,TBRG
,HERE
,RAC
,RFI
,EFT
,LPTH
,LWAC
,RPAY
,BGH
,NCA
,LPBB
,DSM
,MIN
,LOKV
,KYTX
,CLW
,JOF
,GSRF
,HRZN
,SVC
,GRRR
,DBL
,HNST
,LRMR
,WSBF
,OIA
,CBAN
,QUAD
,SNWV
,AGD
,CIA
,GTERA
,LNKB
,MMD
,RMM
,HTLM
,CAF
,RXT
,OWLT
,DDD
,MBCN
,MXF
,BRT
,SSP
,VOXR
,WW
,TBCH
,MBAVU
,TVAI
,OEC
,EB
,IMMP
,ZURA
,REKR
,NL
,REFI
,QTRX
,JCE
,EOT
,TSBK
,MCR
,PMM
,NCZ
,HVIIU
,EMF
,EVC
,HITI
,COSO
,NUW
,SCD
,VNDA
,JRVR
,ARL
,HYI
,CVEO
,PINE
,SIMAU
,PSF
,LPAAU
,BNY
,LMNR
,VMD
,GPRO
,WNEB
,COPL
,SABA
,MCGA
,SOCA
,RANI
,LIEN
,AMPY
,TCX
,HUMA
,JRS
,NXG
,TDAC
,HGLB
,MACI
,TNYA
,TLSI
,OMI
,SNFCA
,LCNB
,MQT
,SVCC
,LGI
,MFM
,DOUG
,VYGR
,MUE
,LFMD
,HUHU
,USAU
,VABK
,HWBK
,TRVG
,GNFT
,RICK
,MPV
,RDCM
,CHPT
,INV
,TARA
,XGN
,INSE
,NPV
,MASS
,GSHR
,TONX
,BHR
,DSX
,IMPP
,XWIN
,SATL
,TRUE
,TLSA
,FT
,HRTX
,YDDL
,SMID
,KRMD
,LATA
,CBNA
,DMB
,SHIP
,RPID
,RNAC
,OPP
,UPXI
,LTRX
,LPRO
,EHI
,SMTI
,TNXP
,GIFI
,DHF
,ENJ
,FLC
,JELD
,LHAI
,FOA
,UTMD
,STRZ
,IDE
,SANG
,INSG
,ZEO
,VIOT
,GF
,GUTS
,IPHA
,UBFO
,PCQ
,HCAT
,SKIN
,TAVI
,IBAC
,PIM
,ROMA
,WHF
,GHI
,RFAI
,NNY
,RAIL
,CLPR
,LARK
,ALTG
,RILY
,ACR
,TROO
,LAKE
,SXTC
,BMN
,MHF
,EDF
,WLAC
,MCRB
,STRS
,MDV
,FF
,IPOD
,INAC
,BRCC
,RENT
,MPA
,YMT
,IGA
,NAZ
,GGT
,TAVIU
,AVD
,YOUL
,RCMT
,LFS
,LVRO
,TAYD
,INO
,LUCD
,SPWR
,BWG
,ZENA
,MBOT
,TTEC
,CURV
,LAFAU
,SPRO
,AKA
,DMO
,SCLX
,SBFG
,NXDT
,HQI
,TYGO
,VGAS
,HEQ
,PEW
,SUNS
,DLNG
,MAMO
,SEAT
,SLSN
,RMMZ
,BTA
,RMBI
,KG
,SLNH
,MED
,PFO
,HAIN
,MCN
,MATH
,CHGG
,USGO
,VTVT
,JYNT
,LNSR
,ZJK
,HLP
,SPRB
,WKEY
,SRBK
,IKT
,STTK
,HFFG
,NIM
,PCF
,VTGN
,QSEA
,KEQU
,SPEG
,TTRX
,AXR
,QUMS
,SEER
,SIEB
,KVHI
,MAYA
,SERA
,HOFT
,SRZN
,VRM
,IHD
,SBI
,CCIF
,RBKB
,LIDR
,SNT
,RFAIU
,KVAC
,SFBC
,HURA
,QUIK
,RDZN
,ZYBT
,VANI
,NMI
,GNSS
,PGP
,MGF
,RITR
,WHWK