Symbol,MarketCap,MarketCapFormatted
NVDA,4630069116928,$4630.07B
AAPL,4033205501952,$4033.21B
MSFT,3791850569728,$3791.85B
GOOGL,3364478255104,$3364.48B
GOOG,3364478255104,$3364.48B
AMZN,2539781357568,$2539.78B
AVGO,1617220993024,$1617.22B
META,1537244659712,$1537.24B
TSLA,1344795049984,$1344.80B
NFLX,489084583936,$489.08B
PLTR,410284720128,$410.28B
COST,409976176640,$409.98B
AMD,403689177088,$403.69B
ASML,396583239680,$396.58B
CSCO,307376553984,$307.38B
MU,277058289664,$277.06B
AZN,276258226176,$276.26B
TMUS,241686921216,$241.69B
QQQ,239342862336,$239.34B
SHOP,203850612736,$203.85B
PEP,199426572288,$199.43B
PDD,190899847168,$190.90B
APP,187953692672,$187.95B
QCOM,186889502720,$186.89B
AMGN,181327970304,$181.33B
AMAT,180049149952,$180.05B
BKNG,163606265856,$163.61B
GILD,155333083136,$155.33B
ARM,148868710400,$148.87B
TXN,147405914112,$147.41B
PANW,140387450880,$140.39B
ADBE,139644960768,$139.64B
CRWD,134900932608,$134.90B
SNY,127312871424,$127.31B
ADI,116854177792,$116.85B
VRTX,110913183744,$110.91B
CEG,105716432896,$105.72B
MELI,103872946176,$103.87B
ADP,102976692224,$102.98B
CME,102784466944,$102.78B
CMCSA,101919735808,$101.92B
SBUX,98273632256,$98.27B
NTES,91104960512,$91.10B
CDNS,86012788736,$86.01B
DASH,84135223296,$84.14B
ORLY,83397484544,$83.40B
EQIX,77227278336,$77.23B
COIN,76346949632,$76.35B
CTAS,75514765312,$75.51B
MRVL,75450990592,$75.45B
MDLZ,73511723008,$73.51B
ABNB,73483526144,$73.48B
SNPS,73171976192,$73.17B
REGN,73043075072,$73.04B
MNST,69671378944,$69.67B
DDOG,65214234624,$65.21B
CSX,64988581888,$64.99B
AEP,64881803264,$64.88B
ADSK,63770075136,$63.77B
TRI,62780624896,$62.78B
FTNT,61209673728,$61.21B
PYPL,61126144000,$61.13B
ALNY,59975708672,$59.98B
MSTR,59924750336,$59.92B
WDAY,59671830528,$59.67B
STX,57204486144,$57.20B
WBD,57067753472,$57.07B
ARGX,55903354880,$55.90B
WDC,53961965568,$53.96B
ROST,52634644480,$52.63B
PCAR,50708480000,$50.71B
NXPI,50641940480,$50.64B
EA,50215112704,$50.22B
NDAQ,49922129920,$49.92B
ZS,48851636224,$48.85B
TCOM,48737837056,$48.74B
ROP,48383025152,$48.38B
BKR,48085491712,$48.09B
XEL,47666274304,$47.67B
FAST,46782455808,$46.78B
EXC,46320857088,$46.32B
FER,46023770112,$46.02B
BIDU,44659818496,$44.66B
MPWR,44279963648,$44.28B
AXON,43976011776,$43.98B
ONC,43925848064,$43.93B
TTWO,43894210560,$43.89B
FANG,42749620224,$42.75B
CCEP,40955867136,$40.96B
PAYX,40344133632,$40.34B
CPRT,40281268224,$40.28B
TEAM,40006041600,$40.01B
CRWV,38786330624,$38.79B
EBAY,38162358272,$38.16B
SNDK,37247959040,$37.25B
CTSH,35503476736,$35.50B
SYM,35146162176,$35.15B
FISV,34707578880,$34.71B
SOFI,34235584512,$34.24B
GEHC,33694930944,$33.69B
ACGL,33637179392,$33.64B
RYAAY,33369217024,$33.37B
ERIC,33094377472,$33.09B
EXPE,32759068672,$32.76B
UAL,31457619968,$31.46B
WTW,31051276288,$31.05B
VRSK,30338621440,$30.34B
VOD,29850126336,$29.85B
TSCO,29685712896,$29.69B
MCHP,29621893120,$29.62B
CSGP,29048846336,$29.05B
MDB,28687253504,$28.69B
ODFL,28322381824,$28.32B
NTRA,28193595392,$28.19B
FITB,28139270144,$28.14B
EXE,28094496768,$28.09B
FSLR,27534196736,$27.53B
FOXA,27522689024,$27.52B
FOX,27513276416,$27.51B
TER,26618714112,$26.62B
CHTR,26503038976,$26.50B
CINF,25908535296,$25.91B
CRDO,25174321152,$25.17B
ZM,25152278528,$25.15B
FUTU,25011871744,$25.01B
BNTX,24978511872,$24.98B
FWONK,24957894656,$24.96B
FWONA,24945266688,$24.95B
CYBR,24629219328,$24.63B
DVY,24619032576,$24.62B
BIIB,24579966976,$24.58B
ALAB,24401506304,$24.40B
NTRS,24379119616,$24.38B
RKLB,24325478400,$24.33B
AFRM,24154787840,$24.15B
TW,24039176192,$24.04B
ULTA,23937859584,$23.94B
VRSN,23441977344,$23.44B
PODD,23404412928,$23.40B
DXCM,23291770880,$23.29B
RPRX,22933669888,$22.93B
STLD,22695278592,$22.70B
GRAB,22641979392,$22.64B
TROW,22635542528,$22.64B
ASTS,22549667840,$22.55B
FCNCA,22471503872,$22.47B
ESLT,22434889728,$22.43B
NBIS,22317674496,$22.32B
FLEX,22183723008,$22.18B
NTAP,21878175744,$21.88B
TPG,21867593728,$21.87B
SMCI,21741686784,$21.74B
PTC,21515968512,$21.52B
DLTR,21365630976,$21.37B
CHKP,21358385152,$21.36B
SBAC,21015289856,$21.02B
TTD,20731711488,$20.73B
SSNC,20652038144,$20.65B
SATS,20141103104,$20.14B
RIVN,20092715008,$20.09B
UTHR,20081598464,$20.08B
CASY,20010584064,$20.01B
ON,19683917824,$19.68B
CG,19242307584,$19.24B
CDW,19105918976,$19.11B
GMAB,18772250624,$18.77B
PFG,18590492672,$18.59B
TRMB,18453149696,$18.45B
GFS,18365280256,$18.37B
CHRW,18051360768,$18.05B
NTNX,17990952960,$17.99B
FITBI,17880217600,$17.88B
EVRG,17604474880,$17.60B
SHY,17336320000,$17.34B
DUKH,17042942976,$17.04B
PSKY,16955678720,$16.96B
Z,16938716160,$16.94B
ZG,16938715136,$16.94B
MEDP,16656434176,$16.66B
TLN,16489651200,$16.49B
GEN,16478654464,$16.48B
FTAI,16237294592,$16.24B
RGLD,15990900736,$15.99B
WMG,15812632576,$15.81B
WWD,15788506112,$15.79B
NWSA,15332724736,$15.33B
NWS,15332047872,$15.33B
ERIE,15010841600,$15.01B
DKNG,14778865664,$14.78B
ROKU,14776654848,$14.78B
OKTA,14765706240,$14.77B
AVAV,14754467840,$14.75B
ARCC,14522091520,$14.52B
NBIX,14443367424,$14.44B
COO,14340087808,$14.34B
ROIV,14299308032,$14.30B
EWBC,14272423936,$14.27B
NXT,13911261184,$13.91B
DPZ,13857754112,$13.86B
FFIV,13780155392,$13.78B
DOCU,13626815488,$13.63B
SMMT,13585985536,$13.59B
BSY,13134899200,$13.13B
RVMD,13097416704,$13.10B
NDSN,13095856128,$13.10B
REG,13038128128,$13.04B
PFF,12923828224,$12.92B
EXAS,12834765824,$12.83B
BBIO,12793937920,$12.79B
WYNN,12789901312,$12.79B
AKAM,12756530176,$12.76B
GLPI,12627832832,$12.63B
ASND,12613713920,$12.61B
VTRS,12565809152,$12.57B
ENTG,12288696320,$12.29B
ACGLO,12274023424,$12.27B
GH,12256249856,$12.26B
ZBRA,12239012864,$12.24B
VNOM,12115276800,$12.12B
MTSI,12101582848,$12.10B
TEM,12087019520,$12.09B
MDGL,12019110912,$12.02B
PAA,11951132672,$11.95B
CSB,11708018688,$11.71B
TSEM,11659766784,$11.66B
EXEL,11351824384,$11.35B
CELH,11345131520,$11.35B
BILI,11327324160,$11.33B
FRMI,11230525440,$11.23B
TXRH,11117495296,$11.12B
SAIL,11088174080,$11.09B
AGNC,10888148992,$10.89B
CART,10776977408,$10.78B
COKE,10756158464,$10.76B
RNA,10671608832,$10.67B
GLXY,10640225280,$10.64B
BMRN,10514417664,$10.51B
STRL,10403422208,$10.40B
ENSG,10304239616,$10.30B
RMBS,10253675520,$10.25B
BPYPP,10163546112,$10.16B
MBLY,10139623424,$10.14B
SWKS,10132456448,$10.13B
SEIC,10076795904,$10.08B
XP,10040327168,$10.04B
ALGN,10003384320,$10.00B
BZ,9855370240,$9.86B
TTEK,9779647488,$9.78B
MRNA,9752712192,$9.75B
TLT,9749039104,$9.75B
MKSI,9679793152,$9.68B
PEGA,9648740352,$9.65B
FYBR,9470285824,$9.47B
TECH,9462434816,$9.46B
GGAL,9347809280,$9.35B
CPB,9315128320,$9.32B
DRS,9268371456,$9.27B
POOL,9160766464,$9.16B
PPC,8943662080,$8.94B
APPF,8859620352,$8.86B
MORN,8800825344,$8.80B
NVMI,8794458112,$8.79B
APA,8792251392,$8.79B
OTEX,8766414848,$8.77B
SANM,8750410752,$8.75B
AGNCM,8723848192,$8.72B
AGNCN,8709917696,$8.71B
AAL,8627330048,$8.63B
DUOL,8623251456,$8.62B
FRHC,8602756096,$8.60B
WTFC,8592400384,$8.59B
ABVX,8591534080,$8.59B
RGEN,8577020928,$8.58B
SFD,8518788608,$8.52B
DOX,8473659904,$8.47B
TIGO,8419411456,$8.42B
RGTI,8409064448,$8.41B
UMBF,8281336832,$8.28B
MNDY,8279680000,$8.28B
TTAN,8268731392,$8.27B
NICE,8235108864,$8.24B
CFLT,8185848320,$8.19B
OPEN,8161324032,$8.16B
ONB,8124170752,$8.12B
CYTK,8123281920,$8.12B
FIVE,8109691904,$8.11B
VFS,8094713856,$8.09B
PCTY,8064792576,$8.06B
COLB,8055327744,$8.06B
AUR,8051143680,$8.05B
GSAT,8013650944,$8.01B
CORT,7968007680,$7.97B
QRVO,7964614656,$7.96B
SFM,7963846656,$7.96B
AMKR,7897830400,$7.90B
AAON,7769113088,$7.77B
OLLI,7744698368,$7.74B
CIGI,7744313856,$7.74B
BPOP,7715614720,$7.72B
STEP,7715085824,$7.72B
MTCH,7681723392,$7.68B
AEIS,7655540224,$7.66B
GRFS,7636520960,$7.64B
DBX,7610498560,$7.61B
NTSK,7599435776,$7.60B
ZION,7532645888,$7.53B
SITM,7524887040,$7.52B
FIGR,7402037760,$7.40B
MRUS,7282842112,$7.28B
SIRI,7269731840,$7.27B
SOLS,7258348032,$7.26B
SAIA,7246265856,$7.25B
MMYT,7239763456,$7.24B
DSGX,7238106112,$7.24B
CHYM,7188151296,$7.19B
FSV,7143240192,$7.14B
CBSH,7100075520,$7.10B
FCFS,7061905408,$7.06B
FROG,7049078784,$7.05B
AXSM,7042141696,$7.04B
TTMI,7025456128,$7.03B
WIX,6963428864,$6.96B
CHDN,6958220800,$6.96B
PNFP,6918179328,$6.92B
NUVL,6887440384,$6.89B
CAI,6856170496,$6.86B
CDTX,6844665856,$6.84B
WAY,6839567872,$6.84B
QMMM,6830437376,$6.83B
BOKF,6808608768,$6.81B
SRAD,6700345344,$6.70B
RYTM,6634231808,$6.63B
APLD,6614571008,$6.61B
WING,6529630208,$6.53B
MKTX,6503898624,$6.50B
RGC,6428356096,$6.43B
PCVX,6373826048,$6.37B
BRKR,6349620224,$6.35B
EXLS,6327404032,$6.33B
CGNX,6204445696,$6.20B
CRUS,6099657728,$6.10B
RRR,6065875968,$6.07B
GLBE,6049036800,$6.05B
PTCT,6045709312,$6.05B
VLY,6028040704,$6.03B
PONY,6017988608,$6.02B
MIDD,6016306176,$6.02B
ROAD,5952282112,$5.95B
CIFR,5900779008,$5.90B
SMTC,5864158208,$5.86B
RDNT,5797548032,$5.80B
BTSG,5771273728,$5.77B
SLM,5743963136,$5.74B
ARWR,5704506368,$5.70B
GDS,5680249856,$5.68B
URBN,5666142208,$5.67B
CVLT,5616739328,$5.62B
CWST,5610269184,$5.61B
ATAT,5574536192,$5.57B
NXST,5567879168,$5.57B
OLED,5564819968,$5.56B
ACT,5443720192,$5.44B
CHRD,5294728192,$5.29B
PTGX,5289450496,$5.29B
OS,5276078080,$5.28B
UFPI,5271695872,$5.27B
ACLX,5202902016,$5.20B
REYN,5201451520,$5.20B
COGT,5193093120,$5.19B
RIOT,5186710528,$5.19B
MMSI,5181967360,$5.18B
WFRD,5181777408,$5.18B
QLYS,5148177408,$5.15B
SOUN,5133571584,$5.13B
ALKS,5120293888,$5.12B
UBSI,5116780032,$5.12B
ENLT,5097347584,$5.10B
GNTX,5096990720,$5.10B
BCPC,5082373632,$5.08B
OMAB,5080256000,$5.08B
CRSP,5006120960,$5.01B
SLMBP,4963080704,$4.96B
OZK,4933812736,$4.93B
TGTX,4921543168,$4.92B
WULF,4890204160,$4.89B
VSAT,4877618688,$4.88B
CAR,4876895232,$4.88B
CACC,4868220416,$4.87B
ACIW,4861630464,$4.86B
PECO,4805016064,$4.81B
SIGI,4800108544,$4.80B
MZTI,4751725056,$4.75B
DOOO,4736989696,$4.74B
CCC,4722530816,$4.72B
CLBT,4713364480,$4.71B
CORZ,4700529152,$4.70B
ALGM,4680734720,$4.68B
SNEX,4675298304,$4.68B
PRAX,4661836800,$4.66B
SBRA,4657851904,$4.66B
OSIS,4644296704,$4.64B
OPCH,4574653440,$4.57B
CAMT,4556946432,$4.56B
SHC,4548343808,$4.55B
AKRO,4465652736,$4.47B
FFIN,4459437568,$4.46B
BULL,4455416832,$4.46B
CALM,4441108992,$4.44B
STNE,4425724416,$4.43B
VKTX,4420851712,$4.42B
SSRM,4386685440,$4.39B
ABTC,4385109504,$4.39B
EOSE,4384315904,$4.38B
RUN,4378629120,$4.38B
CVCO,4354976256,$4.35B
NAMS,4348536832,$4.35B
PI,4326080000,$4.33B
APGE,4302781952,$4.30B
NAVN,4286786816,$4.29B
MRCY,4282735616,$4.28B
BGC,4251542528,$4.25B
FELE,4166602496,$4.17B
NMRK,4165845248,$4.17B
SAIC,4122171136,$4.12B
VCTR,4114310912,$4.11B
DORM,4106324480,$4.11B
PAGP,4082123264,$4.08B
DLO,4080485376,$4.08B
BLTE,4072476672,$4.07B
BLLN,4068102656,$4.07B
SLAB,4063908864,$4.06B
ACAD,4063747584,$4.06B
CRNX,4049034752,$4.05B
VRNS,4045034752,$4.05B
CZR,4037255168,$4.04B
CNTA,4033151488,$4.03B
SMH,4026227200,$4.03B
VSEC,4004752128,$4.00B
NWE,4004352512,$4.00B
POWL,3978517504,$3.98B
SKYW,3965082112,$3.97B
EBC,3963615744,$3.96B
VEON,3962058752,$3.96B
VICR,3955330048,$3.96B
TMDX,3948843520,$3.95B
CELC,3932107776,$3.93B
GLNG,3928627456,$3.93B
FORM,3928533760,$3.93B
TCBI,3916219648,$3.92B
NOVT,3889028864,$3.89B
CROX,3851103232,$3.85B
TFSL,3833928960,$3.83B
AVT,3802152448,$3.80B
CRVL,3800986112,$3.80B
AMBA,3790806784,$3.79B
PLXS,3788126720,$3.79B
ENPH,3783154176,$3.78B
VIAV,3777638400,$3.78B
UPST,3766932736,$3.77B
WGS,3764185856,$3.76B
BHF,3760722432,$3.76B
RUSHA,3742135296,$3.74B
ADMA,3735364608,$3.74B
RUSHB,3727061504,$3.73B
COMM,3717587456,$3.72B
FTDR,3712372736,$3.71B
BANF,3704426496,$3.70B
VRRM,3700299520,$3.70B
GBDC,3694640896,$3.69B
MIRM,3671557120,$3.67B
AMRX,3659184384,$3.66B
FLY,3654813440,$3.65B
AGYS,3631504896,$3.63B
PSMT,3604719616,$3.60B
SRRK,3596120832,$3.60B
MYRG,3561559040,$3.56B
OTTR,3559384832,$3.56B
BHFAL,3544314368,$3.54B
MLCO,3539398144,$3.54B
PTRN,3517205248,$3.52B
MLYS,3505108736,$3.51B
EXPO,3489112576,$3.49B
PLUG,3464653568,$3.46B
CARG,3458288640,$3.46B
PLMR,3444685568,$3.44B
USLM,3420689920,$3.42B
PATK,3369204736,$3.37B
DJT,3368371456,$3.37B
ALHC,3355538432,$3.36B
FRSH,3352746240,$3.35B
VLYPO,3344262656,$3.34B
BL,3297940736,$3.30B
ETOR,3287842048,$3.29B
TLX,3280728320,$3.28B
VERX,3245569024,$3.25B
GRAL,3243268352,$3.24B
AAPG,3235750400,$3.24B
FIBK,3233855232,$3.23B
CATY,3231058944,$3.23B
TENB,3228262400,$3.23B
FULT,3210957824,$3.21B
ARLP,3209415680,$3.21B
CLSK,3198305536,$3.20B
WSC,3196785920,$3.20B
RARE,3191478016,$3.19B
APPN,3176619008,$3.18B
VCYT,3150889728,$3.15B
XENE,3149729280,$3.15B
BRZE,3138848512,$3.14B
VLYPP,3134042368,$3.13B
CGON,3126913280,$3.13B
FIZZ,3102574848,$3.10B
SPSC,3101953280,$3.10B
PLBL,3100737280,$3.10B
QFIN,3097954560,$3.10B
PCH,3097808896,$3.10B
TARS,3095388672,$3.10B
TVTX,3086795264,$3.09B
ARQT,3062304768,$3.06B
MGEE,3057456384,$3.06B
PTON,3050087680,$3.05B
MCHB,3046472448,$3.05B
FHB,3039806464,$3.04B
XMTR,3035387392,$3.04B
CSQ,3013345536,$3.01B
ATEC,3000713728,$3.00B
WSBC,2993733376,$2.99B
MEOH,2984108800,$2.98B
WSFS,2982572800,$2.98B
SBCF,2979845376,$2.98B
ASO,2979489280,$2.98B
EEFT,2970036224,$2.97B
FLNC,2965725440,$2.97B
MENS,2961581824,$2.96B
AUGO,2957121536,$2.96B
NCNO,2955591680,$2.96B
SIMO,2947743744,$2.95B
COLM,2934250240,$2.93B
BLKB,2931278592,$2.93B
FOLD,2924897792,$2.92B
DAVE,2920407296,$2.92B
PRVA,2920041216,$2.92B
VC,2891761920,$2.89B
NMIH,2888696832,$2.89B
CPRX,2849108992,$2.85B
CHA,2840903168,$2.84B
PPTA,2812673792,$2.81B
AVPT,2809576960,$2.81B
NSIT,2803654912,$2.80B
SHOO,2773343744,$2.77B
DGNX,2745787648,$2.75B
VRDN,2743734528,$2.74B
TMC,2735740160,$2.74B
WRD,2734494464,$2.73B
TBBK,2728163072,$2.73B
CENX,2710650880,$2.71B
DYN,2687958272,$2.69B
RNW,2680445696,$2.68B
WDFC,2680405248,$2.68B
BHFAP,2664357632,$2.66B
SLNO,2654349312,$2.65B
ONDS,2645469696,$2.65B
TOWN,2622152704,$2.62B
WB,2617642496,$2.62B
RELY,2610983680,$2.61B
FRPT,2608317440,$2.61B
SFNC,2596233728,$2.60B
GSHD,2586124032,$2.59B
SUPN,2580270848,$2.58B
CVBF,2580219136,$2.58B
APLS,2572257536,$2.57B
ACLS,2561148416,$2.56B
DNLI,2557782528,$2.56B
SYNA,2549530624,$2.55B
AGIO,2545398016,$2.55B
ALRM,2514434560,$2.51B
MGRC,2503005696,$2.50B
COCO,2497180928,$2.50B
MRX,2486911744,$2.49B
BATRA,2486209792,$2.49B
BATRK,2482122496,$2.48B
BTDR,2463581440,$2.46B
FORTY,2458487552,$2.46B
ZLAB,2456235008,$2.46B
CHEF,2422434304,$2.42B
SPNS,2414907392,$2.41B
EWTX,2408506880,$2.41B
OCUL,2407436544,$2.41B
WAFD,2397978112,$2.40B
PLUS,2393511424,$2.39B
FFBC,2383433216,$2.38B
QUBT,2373704704,$2.37B
EXTR,2360131072,$2.36B
VNET,2356679168,$2.36B
PAX,2352620032,$2.35B
DRVN,2351695360,$2.35B
PINC,2330874112,$2.33B
ODD,2329856512,$2.33B
TRMD,2310007808,$2.31B
TRMK,2307193600,$2.31B
AVDL,2300791040,$2.30B
FA,2296576256,$2.30B
CAKE,2284692992,$2.28B
PTEN,2267867136,$2.27B
RXRX,2257067776,$2.26B
CSIQ,2248928256,$2.25B
CSGS,2238548736,$2.24B
GPCR,2234150656,$2.23B
CNXC,2231918848,$2.23B
UPWK,2224965632,$2.22B
SOXX,2207177984,$2.21B
BEAM,2204035840,$2.20B
XRAY,2185094144,$2.19B
MQ,2182892288,$2.18B
SEDG,2178520064,$2.18B
SBLK,2176509696,$2.18B
GT,2171961344,$2.17B
SBET,2162651392,$2.16B
ADPT,2158685952,$2.16B
NBTB,2154859520,$2.15B
OSW,2154253824,$2.15B
ALKT,2150481920,$2.15B
GCMG,2149120000,$2.15B
ACMR,2117567360,$2.12B
PGNY,2116496128,$2.12B
FBNC,2112658432,$2.11B
BANR,2097307136,$2.10B
FRME,2095578880,$2.10B
DIOD,2085935872,$2.09B
SLDE,2083097088,$2.08B
TXG,2070445440,$2.07B
GLPG,2066850048,$2.07B
ADUS,2047576832,$2.05B
BUSE,2047553408,$2.05B
MGNI,2045554688,$2.05B
TERN,2032199936,$2.03B
AUPH,2023752704,$2.02B
VCEL,2015880576,$2.02B
PRDO,2008145664,$2.01B
SONO,2004194944,$2.00B
BWIN,1990188160,$1.99B
PAYO,1985372544,$1.99B
SGRY,1980870784,$1.98B
NTCT,1979550464,$1.98B
EFSC,1978973312,$1.98B
SYBT,1974130304,$1.97B
SKWD,1973758976,$1.97B
SMPL,1972192512,$1.97B
USAR,1971723776,$1.97B
PENN,1971424512,$1.97B
SRPT,1971046912,$1.97B
MESO,1936967424,$1.94B
POWI,1922931584,$1.92B
RUM,1922534272,$1.92B
ZBIO,1914199040,$1.91B
ANIP,1898838144,$1.90B
STRA,1893960960,$1.89B
QURE,1889929088,$1.89B
ESTA,1881496960,$1.88B
PGY,1881264896,$1.88B
EYE,1879636608,$1.88B
NVTS,1863304448,$1.86B
CENT,1850149632,$1.85B
CENTA,1850149504,$1.85B
BGM,1841722368,$1.84B
SYRE,1823415040,$1.82B
PAHC,1815071872,$1.82B
PRGS,1814990336,$1.81B
VERA,1813639168,$1.81B
UFPT,1810308864,$1.81B
TWST,1804791808,$1.80B
BELFB,1804746752,$1.80B
BELFA,1802222080,$1.80B
SEZL,1800551424,$1.80B
AVAH,1781994368,$1.78B
TIGR,1776947712,$1.78B
CECO,1763874688,$1.76B
VECO,1762761600,$1.76B
MCRI,1753466624,$1.75B
DNTH,1751485184,$1.75B
ATRO,1749027840,$1.75B
TRIP,1748948736,$1.75B
ROCK,1747448448,$1.75B
ENVX,1743793280,$1.74B
CHCO,1738979968,$1.74B
EXPI,1729717248,$1.73B
ALVO,1720038400,$1.72B
NWBI,1719596672,$1.72B
PGEN,1716048896,$1.72B
NN,1708284544,$1.71B
MCW,1708236928,$1.71B
TRUP,1701575808,$1.70B
PRCT,1700972544,$1.70B
CLDX,1697783936,$1.70B
NNE,1692913408,$1.69B
FLYW,1690236800,$1.69B
WBTN,1677723648,$1.68B
ANDE,1667591936,$1.67B
REAL,1665028864,$1.67B
CMPR,1662595840,$1.66B
PWP,1661165696,$1.66B
WEN,1657859456,$1.66B
PCT,1656022656,$1.66B
DJTWW,1654153600,$1.65B
NEGG,1653213696,$1.65B
SION,1651265152,$1.65B
BLBD,1645642240,$1.65B
ATRC,1635688960,$1.64B
CLMT,1619703168,$1.62B
ALM,1609063936,$1.61B
NEXT,1604696576,$1.60B
FIVN,1601082624,$1.60B
OMCL,1594447104,$1.59B
CCB,1585464448,$1.59B
PLTK,1575673856,$1.58B
PHVS,1574579200,$1.57B
CLBK,1570959104,$1.57B
CASH,1568119168,$1.57B
EVCM,1562234752,$1.56B
MNKD,1555309440,$1.56B
BITF,1547878272,$1.55B
UNIT,1546083456,$1.55B
NYAX,1536946176,$1.54B
AMSC,1532284032,$1.53B
TILE,1518154752,$1.52B
STOK,1514175744,$1.51B
SUPX,1514144256,$1.51B
QDEL,1504606464,$1.50B
WINA,1503755264,$1.50B
SRCE,1503465344,$1.50B
ATAI,1499976832,$1.50B
BCRX,1490646016,$1.49B
CNXN,1489215744,$1.49B
TCBK,1487082880,$1.49B
NUKKW,1484317568,$1.48B
GABC,1482813696,$1.48B
STBA,1474241792,$1.47B
WERN,1473613952,$1.47B
ARCB,1471980544,$1.47B
GEMI,1468270720,$1.47B
AAOI,1465627776,$1.47B
COLL,1465161088,$1.47B
VITL,1462804096,$1.46B
ACHC,1453436416,$1.45B
AMPL,1447821184,$1.45B
SNDX,1447565824,$1.45B
OXLC,1445852800,$1.45B
NSSC,1439768320,$1.44B
ADEA,1437845760,$1.44B
NWL,1433664000,$1.43B
DGII,1429572736,$1.43B
ARDX,1423829504,$1.42B
DXPE,1422268416,$1.42B
PIII,1422010368,$1.42B
WLDN,1414071168,$1.41B
NESR,1406842112,$1.41B
SHLS,1405225856,$1.41B
TRVI,1395562752,$1.40B
AMLX,1393610240,$1.39B
ZYME,1393205248,$1.39B
NEOG,1388538240,$1.39B
METCB,1385110528,$1.39B
METC,1379344896,$1.38B
AZTA,1369691008,$1.37B
OUST,1350117376,$1.35B
PZZA,1347644928,$1.35B
QQQX,1344201344,$1.34B
PSIX,1343171712,$1.34B
CERT,1339489024,$1.34B
NEO,1337869824,$1.34B
PSNYW,1327524480,$1.33B
PSNY,1327524352,$1.33B
AFYA,1326040960,$1.33B
UPB,1325566720,$1.33B
QCRH,1319476736,$1.32B
ORKA,1310921984,$1.31B
DVAX,1310462720,$1.31B
VMEO,1310347392,$1.31B
ELVN,1309795200,$1.31B
RBCAA,1307831424,$1.31B
PSEC,1306765184,$1.31B
STAA,1299311872,$1.30B
NRIX,1297526144,$1.30B
ARHS,1292836480,$1.29B
TLRY,1280693760,$1.28B
MVST,1276631296,$1.28B
ROOT,1274836480,$1.27B
NVCR,1274354944,$1.27B
CLOV,1273616640,$1.27B
TRS,1269770752,$1.27B
PLAB,1268578304,$1.27B
DSGR,1268162944,$1.27B
SDGR,1266315008,$1.27B
AHCO,1263508864,$1.26B
TNDM,1261801984,$1.26B
ARRY,1249476736,$1.25B
SSII,1249144704,$1.25B
VRNT,1230676480,$1.23B
BFC,1227016192,$1.23B
ZD,1223885568,$1.22B
STGW,1220252288,$1.22B
CNOB,1219625088,$1.22B
MGIC,1218415488,$1.22B
ALGT,1218035840,$1.22B
CCEC,1216504960,$1.22B
MXL,1214482304,$1.21B
AMPH,1211758848,$1.21B
BLFS,1211448448,$1.21B
OPRA,1206662784,$1.21B
TBLA,1206277888,$1.21B
OCSL,1205447936,$1.21B
XERS,1204610304,$1.20B
OMDA,1202750080,$1.20B
WABC,1198902016,$1.20B
CSWC,1198471936,$1.20B
BBNX,1196589568,$1.20B
CVAC,1193415680,$1.19B
CRAI,1193129984,$1.19B
MRVI,1192408448,$1.19B
DCOM,1191731456,$1.19B
GIII,1190890368,$1.19B
ORIC,1189756544,$1.19B
NAVI,1189581824,$1.19B
WVE,1183647104,$1.18B
RAPP,1175800320,$1.18B
GCT,1159865472,$1.16B
DHC,1156289664,$1.16B
SLDP,1155692672,$1.16B
NKTR,1152961152,$1.15B
PHAR,1151733120,$1.15B
SAFT,1150565632,$1.15B
DMLP,1149449088,$1.15B
NVAX,1147242880,$1.15B
MNMD,1145662976,$1.15B
NNNN,1142049024,$1.14B
PPH,1141536384,$1.14B
SBGI,1139338368,$1.14B
EVLV,1137935872,$1.14B
OCS,1133015424,$1.13B
CRTO,1132979840,$1.13B
TSHA,1131287040,$1.13B
XPEL,1128187648,$1.13B
EH,1125123328,$1.13B
PFBC,1120576512,$1.12B
URGN,1119668736,$1.12B
RLAY,1117929344,$1.12B
TRIN,1117843200,$1.12B
MFIC,1116844416,$1.12B
MBX,1113128192,$1.11B
AXGN,1108779776,$1.11B
ECPG,1106039296,$1.11B
UCTT,1105149952,$1.11B
ABCL,1104546304,$1.10B
GO,1104043904,$1.10B
EVO,1103830656,$1.10B
THRM,1103491200,$1.10B
MDXG,1103332992,$1.10B
MOMO,1103330560,$1.10B
TNGX,1099633024,$1.10B
ASTH,1098909440,$1.10B
PRCH,1074787840,$1.07B
CRML,1071110016,$1.07B
XNCR,1066158400,$1.07B
TASK,1066029952,$1.07B
SANA,1062800768,$1.06B
EZPW,1059526208,$1.06B
PHAT,1056405824,$1.06B
BBOT,1049451584,$1.05B
COHU,1046381568,$1.05B
GDRX,1042059328,$1.04B
SEPN,1041671552,$1.04B
PEBO,1037528128,$1.04B
NRDS,1036163456,$1.04B
FWRG,1035714752,$1.04B
OCFC,1035290112,$1.04B
PCRX,1023045952,$1.02B
NBTX,1021499584,$1.02B
MLKN,1016759296,$1.02B
NTLA,1007720320,$1.01B
PLPC,1004197312,$1.00B
ASTE,1001504640,$1.00B
PENG,999041408,$999.04M
CSTL,996512832,$996.51M
RDWR,994596288,$994.60M
PDFS,992565184,$992.57M
PVLA,990950976,$990.95M
UPBD,985553408,$985.55M
CTBI,984052864,$984.05M
OPK,982657600,$982.66M
CRCT,982515776,$982.52M
NMFC,978441984,$978.44M
PLSE,975853056,$975.85M
CRON,972448128,$972.45M
OSBC,971220544,$971.22M
MSEX,963835712,$963.84M
FTRE,961883968,$961.88M
BLDP,961628736,$961.63M
EYPT,958675968,$958.68M
RZLV,956983040,$956.98M
GOGO,955720000,$955.72M
YB,952477760,$952.48M
UFCS,946836736,$946.84M
GLIBK,938553024,$938.55M
GLIBA,937425408,$937.43M
ANAB,936424064,$936.42M
PEY,936282368,$936.28M
GLUE,935091008,$935.09M
TDUP,933561856,$933.56M
BHRB,931167296,$931.17M
RZLT,922646464,$922.65M
ULCC,921977728,$921.98M
EVGO,920868416,$920.87M
RPD,918695296,$918.70M
FLGT,914697664,$914.70M
RCAT,913399168,$913.40M
BBSI,912236544,$912.24M
DAWN,910229760,$910.23M
DAKT,909942016,$909.94M
TBPH,909570176,$909.57M
ASST,908899712,$908.90M
FSUN,906651520,$906.65M
EVER,906093760,$906.09M
CHY,905626048,$905.63M
MLTX,904721344,$904.72M
AVO,903218240,$903.22M
ALNT,898005312,$898.01M
ASPI,896755136,$896.76M
SCSC,895693568,$895.69M
FMBH,893896128,$893.90M
WLFC,890473600,$890.47M
CRMD,885588864,$885.59M
BETR,883011456,$883.01M
ABUS,876997504,$877.00M
UVSP,875628160,$875.63M
SVRA,874911744,$874.91M
CGBD,871919680,$871.92M
GHRS,868411520,$868.41M
AEBI,866228032,$866.23M
YDES,863886656,$863.89M
CCOI,862076352,$862.08M
PNTG,861383616,$861.38M
CMPX,859073920,$859.07M
SKYT,855692672,$855.69M
AVBP,854111360,$854.11M
WOOF,853344320,$853.34M
EMBC,850958528,$850.96M
GLDD,850671360,$850.67M
CHI,850398208,$850.40M
SLRC,844505728,$844.51M
ECX,841930304,$841.93M
AMAL,841809344,$841.81M
TYRA,839543040,$839.54M
ODP,839384640,$839.38M
ESQ,838304640,$838.30M
CCCX,835923008,$835.92M
STRD,833881920,$833.88M
SPRY,831316800,$831.32M
BTQ,824824832,$824.82M
CFFN,820114240,$820.11M
CDNA,819579136,$819.58M
SENEA,818820416,$818.82M
SENEB,818820352,$818.82M
REAX,817547968,$817.55M
RDVT,816371648,$816.37M
MOFG,811280128,$811.28M
BTBT,810010496,$810.01M
BCAX,809677248,$809.68M
ATLC,808103424,$808.10M
AHG,807325312,$807.33M
QNST,804169856,$804.17M
RAPT,799458688,$799.46M
SSYS,798009472,$798.01M
MOBBW,794443200,$794.44M
MRTN,793193792,$793.19M
SIFY,789342912,$789.34M
GDEN,788622144,$788.62M
FORD,788510272,$788.51M
ORGO,788124352,$788.12M
NTGR,787892416,$787.89M
BJRI,786860544,$786.86M
AMSF,786687296,$786.69M
GILT,786673600,$786.67M
VALN,786432448,$786.43M
VIR,783273920,$783.27M
CRESY,782548864,$782.55M
CTLP,777505792,$777.51M
ERII,770744000,$770.74M
SWIM,769928128,$769.93M
NBBK,768252224,$768.25M
UDMY,762622976,$762.62M
RIGL,761267328,$761.27M
VINP,758935872,$758.94M
SIBN,755875712,$755.88M
GRPN,755594112,$755.59M
AMWD,754396096,$754.40M
WYFI,753886272,$753.89M
RING,753595008,$753.60M
BFST,747787264,$747.79M
FSBC,741020480,$741.02M
MBWM,740348928,$740.35M
TRST,738803200,$738.80M
GERN,737400576,$737.40M
CCNE,736316480,$736.32M
OWLS,733534720,$733.53M
ERAS,731976448,$731.98M
NBN,730934272,$730.93M
TIPT,726972160,$726.97M
APOG,723624768,$723.62M
FDUS,719442944,$719.44M
GSM,718509568,$718.51M
ATXS,717556416,$717.56M
EEMA,717237056,$717.24M
YDKG,715085632,$715.09M
OLPX,714237760,$714.24M
SCHL,710672640,$710.67M
DGICB,707469504,$707.47M
DGICA,707115520,$707.12M
REPL,705205568,$705.21M
CTKB,703256576,$703.26M
ESPR,702936896,$702.94M
GDYN,701339008,$701.34M
DNUT,698904000,$698.90M
CCBG,697602880,$697.60M
WRLD,695354240,$695.35M
TREE,693673664,$693.67M
ACDC,690927936,$690.93M
SABR,689022016,$689.02M
PROK,687328384,$687.33M
VTYX,681843520,$681.84M
ARVN,678850816,$678.85M
DCBO,677712896,$677.71M
GPRE,676701504,$676.70M
MPB,676473344,$676.47M
PSNL,674913088,$674.91M
SGML,674550592,$674.55M
CBRL,674062720,$674.06M
THFF,672642560,$672.64M
ORRF,671537600,$671.54M
CAC,667750912,$667.75M
AIOT,667106880,$667.11M
MCBS,667060992,$667.06M
MGTX,665667520,$665.67M
SNCY,664731520,$664.73M
FWRD,663400000,$663.40M
CRSR,661807552,$661.81M
NB,659416576,$659.42M
AQST,657596736,$657.60M
CTMX,657409344,$657.41M
GSBC,656919808,$656.92M
CRVS,654960064,$654.96M
DSP,651806912,$651.81M
TBLD,648054080,$648.05M
ADAM,645700608,$645.70M
RR,644654592,$644.65M
CD,644488768,$644.49M
SVA,642436736,$642.44M
AEVA,641653440,$641.65M
ABL,640281216,$640.28M
SERV,638676032,$638.68M
PRAA,637122112,$637.12M
AXG,636471744,$636.47M
CGNT,631182784,$631.18M
TH,627613248,$627.61M
GOSS,627246400,$627.25M
AMRK,626582592,$626.58M
MYGN,625464064,$625.46M
SPT,624699072,$624.70M
APEI,624111872,$624.11M
AEHR,622336704,$622.34M
FDMT,616487488,$616.49M
BCAL,615423296,$615.42M
ADTN,615313408,$615.31M
SPFI,614330816,$614.33M
SMBC,613991936,$613.99M
PRME,608320896,$608.32M
FCBC,604574976,$604.57M
NUTX,604452160,$604.45M
BWMN,600589056,$600.59M
CEVA,599484416,$599.48M
AIP,599341376,$599.34M
SRDX,594924096,$594.92M
BMBL,594468096,$594.47M
ONEQ,594330048,$594.33M
OFIX,593993600,$593.99M
FISI,593247232,$593.25M
MPLT,591604992,$591.60M
CEPF,590996544,$591.00M
FOXF,590235136,$590.24M
RGNX,589252736,$589.25M
POET,587717504,$587.72M
UXIN,587582144,$587.58M
OPT,583100736,$583.10M
ACIC,582745408,$582.75M
APPS,582629696,$582.63M
ADSE,582378240,$582.38M
MNPR,581153600,$581.15M
ASMB,580647168,$580.65M
BLMN,578624064,$578.62M
OLMA,576743296,$576.74M
CCD,575742848,$575.74M
SFIX,572923072,$572.92M
ALTI,572591168,$572.59M
SHEN,572587584,$572.59M
CWCO,572412864,$572.41M
AOSL,565438784,$565.44M
DEFT,564512640,$564.51M
ELVR,563865984,$563.87M
NAGE,558251200,$558.25M
ALRS,551629440,$551.63M
NWPX,551593984,$551.59M
MGPI,550238208,$550.24M
ALMS,549957696,$549.96M
GOOD,549793408,$549.79M
GAIN,548308672,$548.31M
PRTA,546887744,$546.89M
CASS,544960192,$544.96M
TCMD,544318144,$544.32M
DJCO,544014400,$544.01M
RBBN,543926720,$543.93M
VSTM,541195200,$541.20M
TATT,539126208,$539.13M
SHBI,538836800,$538.84M
TALK,538382400,$538.38M
OMER,535599328,$535.60M
WASH,529361568,$529.36M
PFM,529042784,$529.04M
MNRO,522942464,$522.94M
DVLT,521030880,$521.03M
ZVRA,519626240,$519.63M
PLAY,518958496,$518.96M
UROY,518642368,$518.64M
FFIC,518161280,$518.16M
NRIM,518026208,$518.03M
FIP,515184448,$515.18M
TUR,514102464,$514.10M
ORBS,512707200,$512.71M
AROW,511195840,$511.20M
EU,511191232,$511.19M
GBFH,510779168,$510.78M
CLMB,510533088,$510.53M
DOMO,509617984,$509.62M
CMPS,507930176,$507.93M
BVS,507011936,$507.01M
ANGO,506758048,$506.76M
TRNS,506439488,$506.44M
EGBN,505984800,$505.98M
CCAP,505317888,$505.32M
CGEM,505102048,$505.10M
VLGEA,504160224,$504.16M
TRON,503946176,$503.95M
FUFU,502776576,$502.78M
FMNB,500410816,$500.41M
VREX,499079328,$499.08M
STKL,498431872,$498.43M
ACNB,498277792,$498.28M
MCTA,497214976,$497.21M
PACB,493642176,$493.64M
TCPC,492926400,$492.93M
BYND,489855808,$489.86M
MBUU,489181856,$489.18M
AVXL,488735904,$488.74M
UNTY,487615808,$487.62M
XNET,486961600,$486.96M
ARKO,486952480,$486.95M
CLNE,486848224,$486.85M
GEVO,484617600,$484.62M
NBP,482987104,$482.99M
ANGI,482423456,$482.42M
DBVT,482195904,$482.20M
OSPN,481803648,$481.80M
AXTI,481544320,$481.54M
SCVL,479571840,$479.57M
CBLL,478534368,$478.53M
EOLS,477721792,$477.72M
ABAT,476339904,$476.34M
RSVR,476170528,$476.17M
FULC,475701056,$475.70M
CHW,474512416,$474.51M
PFIS,473843744,$473.84M
PERI,472892224,$472.89M
FRPH,469286048,$469.29M
GIW,468609120,$468.61M
AKBA,468446688,$468.45M
GTEN,466611904,$466.61M
YORW,464796704,$464.80M
AIRTP,462190368,$462.19M
TLS,460226976,$460.23M
ANSC,459927904,$459.93M
CBNK,458949600,$458.95M
BCYC,457828128,$457.83M
RRBI,457224608,$457.22M
PGC,456508512,$456.51M
CAN,455188288,$455.19M
FBYD,454984896,$454.98M
ETON,454289088,$454.29M
GLRE,453175328,$453.18M
NMRA,449469728,$449.47M
DDI,448419904,$448.42M
COFS,447406752,$447.41M
CCSI,446635712,$446.64M
CNCK,446077504,$446.08M
SOHU,444667264,$444.67M
BNTC,442991296,$442.99M
BACQ,442807872,$442.81M
NFBK,442677856,$442.68M
CMCO,442415232,$442.42M
CLPT,440561280,$440.56M
FBIZ,440115968,$440.12M
CYRX,438603584,$438.60M
TSSI,437896768,$437.90M
BAND,437679488,$437.68M
ENGN,436665792,$436.67M
SNDL,436451040,$436.45M
PRTH,435544256,$435.54M
SIGA,435396736,$435.40M
ALT,435107744,$435.11M
GLAD,433645696,$433.65M
VFF,433191616,$433.19M
CDZI,432172416,$432.17M
OXLCO,431961856,$431.96M
NPCE,431002048,$431.00M
CLFD,430336576,$430.34M
ALLT,429050944,$429.05M
TLNC,427017888,$427.02M
PUBM,425855840,$425.86M
ATEX,424305856,$424.31M
ABSI,424047712,$424.05M
POM,424031520,$424.03M
ESEA,423607232,$423.61M
CIVB,423338336,$423.34M
ARQQ,421453440,$421.45M
SRTA,421452448,$421.45M
RTAC,421425248,$421.43M
PANL,421029504,$421.03M
WEST,420292192,$420.29M
DSGN,419822880,$419.82M
BMRC,419426592,$419.43M
THH,418887104,$418.89M
MLAB,418751744,$418.75M
MITK,415388160,$415.39M
BCAR,414060032,$414.06M
BRBI,413945568,$413.95M
CWBC,413725920,$413.73M
CMRC,413600672,$413.60M
DRUG,413337824,$413.34M
ASTL,411560288,$411.56M
TWFG,409531552,$409.53M
GRVY,408456352,$408.46M
NEXN,407771264,$407.77M
CGC,405248768,$405.25M
XRPN,404568256,$404.57M
XOMA,404184480,$404.18M
GBLI,403935520,$403.94M
SFST,403235104,$403.24M
OTLY,402131456,$402.13M
NATH,401221824,$401.22M
RXST,400064896,$400.06M
BYRN,399198656,$399.20M
GDEV,398861984,$398.86M
OPAL,398808992,$398.81M
VSTA,398412128,$398.41M
PRTC,397207104,$397.21M
BSRR,396923296,$396.92M
BRCB,396586080,$396.59M
BSVN,395411008,$395.41M
VERI,394765920,$394.77M
ANNX,392215488,$392.22M
CCIX,391922144,$391.92M
CVGW,391738592,$391.74M
ADV,391526304,$391.53M
FRBA,390517568,$390.52M
ZUMZ,389385088,$389.39M
NVA,389330208,$389.33M
PCAP,388782496,$388.78M
TOI,387351840,$387.35M
CARE,387185888,$387.19M
TITN,386811680,$386.81M
ULH,386583520,$386.58M
RDAG,385500000,$385.50M
OCGN,384049664,$384.05M
NCMI,383769472,$383.77M
WENN,383441632,$383.44M
GPAT,382748768,$382.75M
TACO,382128448,$382.13M
ALF,381656256,$381.66M
ZEUS,380495168,$380.50M
SWBI,378678816,$378.68M
PDLB,378497760,$378.50M
NGNE,378063072,$378.06M
GCBC,377825312,$377.83M
VBNK,377648128,$377.65M
TSAT,377524896,$377.52M
CLLS,376656384,$376.66M
SGHT,375918016,$375.92M
ANPA,375000000,$375.00M
BGIN,374479968,$374.48M
TTGT,372334784,$372.33M
WTBA,371172576,$371.17M
NATR,370381088,$370.38M
CRNC,369507808,$369.51M
ADUR,366288864,$366.29M
CCRN,364618272,$364.62M
AUTL,364616288,$364.62M
XRX,363633632,$363.63M
PHOE,362879968,$362.88M
MTLS,362105536,$362.11M
SY,361027776,$361.03M
CHAC,360208448,$360.21M
BWFG,358146208,$358.15M
SDHI,358134624,$358.13M
CAEP,357815648,$357.82M
RMNI,356915264,$356.92M
DHIL,356912160,$356.91M
AIRS,356811584,$356.81M
GALT,356570048,$356.57M
RWAY,355920256,$355.92M
CCII,355259712,$355.26M
TACH,354660000,$354.66M
ACTG,354009600,$354.01M
OBT,353817600,$353.82M
BDCI,353721088,$353.72M
NRC,351980768,$351.98M
AURA,351490880,$351.49M
GIG,350000000,$350.00M
AIRO,349618976,$349.62M
CZNC,348916704,$348.92M
SMLR,348677568,$348.68M
CARL,348633024,$348.63M
BLZR,348562496,$348.56M
MSBI,348491328,$348.49M
SLP,348400256,$348.40M
MBVI,348104992,$348.10M
ENTA,347966272,$347.97M
EM,347411552,$347.41M
AMCX,347353664,$347.35M
TECX,346999840,$347.00M
OTGA,346976256,$346.98M
BRR,346510208,$346.51M
VALU,346209568,$346.21M
DMAA,346114784,$346.11M
SBC,344658528,$344.66M
PTLO,344555776,$344.56M
OYSE,343212192,$343.21M
RCKT,343064448,$343.06M
AXIN,342048032,$342.05M
FMAO,340036096,$340.04M
AMRN,339752448,$339.75M
EPRX,337843424,$337.84M
PBFS,337222688,$337.22M
NNDM,336277856,$336.28M
PEPG,336125024,$336.13M
CEPT,336073632,$336.07M
FCEL,335639360,$335.64M
TRDA,335564832,$335.56M
ARTNA,335312960,$335.31M
SLDB,335014016,$335.01M
CTRN,334312928,$334.31M
MVBF,334057664,$334.06M
CBK,333825888,$333.83M
MTRX,332994400,$332.99M
TVA,332700000,$332.70M
BEAG,332283968,$332.28M
VACH,332062496,$332.06M
WEYS,331901952,$331.90M
ACIU,330973984,$330.97M
RBB,330805984,$330.81M
DRTS,328776992,$328.78M
AREC,328519136,$328.52M
EGAN,328401056,$328.40M
CEPV,326801184,$326.80M
XFOR,326138848,$326.14M
FERA,325798656,$325.80M
CUB,325373344,$325.37M
BLUW,325018496,$325.02M
AENT,324980608,$324.98M
USCB,324719200,$324.72M
SIMA,324453344,$324.45M
SLN,322607872,$322.61M
MLAC,322012064,$322.01M
PACH,320993728,$320.99M
BBCP,320685824,$320.69M
BWAY,319666144,$319.67M
PALI,318866912,$318.87M
CTNM,318089376,$318.09M
SZZL,317978880,$317.98M
OBA,317831264,$317.83M
NPAC,316901408,$316.90M
CRAQ,316391616,$316.39M
DENN,316203808,$316.20M
PLTS,316034400,$316.03M
SVAC,315866688,$315.87M
VCIC,315626688,$315.63M
DCTH,315351520,$315.35M
ALDF,314810944,$314.81M
NFE,314505728,$314.51M
WILC,314464864,$314.46M
CNDT,313423456,$313.42M
CERS,311181760,$311.18M
NIU,311076256,$311.08M
GEOS,310581856,$310.58M
POLE,309855008,$309.86M
BCML,309716736,$309.72M
PCB,309672256,$309.67M
API,308919296,$308.92M
DMAC,308819200,$308.82M
ATII,307144192,$307.14M
TBRG,306483520,$306.48M
DMAAU,306010912,$306.01M
NVEC,305549536,$305.55M
MCFT,305336800,$305.34M
ALDX,303822016,$303.82M
RPAY,303620576,$303.62M
FSBW,303395072,$303.40M
ATNI,302859232,$302.86M
MKLY,302451936,$302.45M
EFTY,302052224,$302.05M
PAYS,300496544,$300.50M
NKLR,300133792,$300.13M
CPZ,299783584,$299.78M
QSI,299530656,$299.53M
MLACU,296944992,$296.94M
PLBC,296176224,$296.18M
GSRF,296113376,$296.11M
SVC,294150880,$294.15M
BLZE,293861760,$293.86M
SOPH,293762176,$293.76M
PKOH,293413696,$293.41M
GRRR,293337056,$293.34M
NEWT,290461824,$290.46M
RLMD,289667808,$289.67M
DRDBU,289333696,$289.33M
FNLC,289009696,$289.01M
OPRX,288184480,$288.18M
WSBF,288112480,$288.11M
SNWV,286945728,$286.95M
NHIC,286344352,$286.34M
SPOK,286314528,$286.31M
GTERA,285470912,$285.47M
AACB,284222240,$284.22M
CUBWU,284000352,$284.00M
TTSH,283896768,$283.90M
AVNW,283836416,$283.84M
STRT,283800512,$283.80M
MREO,283254400,$283.25M
WTF,283153952,$283.15M
DH,283051264,$283.05M
PLMKU,282993760,$282.99M
BACC,282977056,$282.98M
APAD,282666656,$282.67M
OFLX,282540096,$282.54M
UCFI,282356096,$282.36M
SVACU,282133696,$282.13M
NODK,281886624,$281.89M
ASLE,281694496,$281.69M
BZAI,281359552,$281.36M
PUI,280605184,$280.61M
CGCT,280140000,$280.14M
RXT,280130944,$280.13M
BIOA,279669280,$279.67M
MNTK,279517632,$279.52M
MVIS,279469056,$279.47M
FSTR,279265312,$279.27M
PYXS,278943680,$278.94M
AUDC,278655168,$278.66M
SSP,277045280,$277.05M
ATIIU,276973760,$276.97M
AACBU,276924992,$276.92M
VOXR,276765248,$276.77M
WW,276637920,$276.64M
FEIM,276538080,$276.54M
ALLO,276418080,$276.42M
TBCH,275761280,$275.76M
AVBH,275417952,$275.42M
NECB,275070528,$275.07M
NAKA,274818848,$274.82M
TVAI,274677920,$274.68M
CZFS,274011520,$274.01M
AVTX,274004256,$274.00M
EGHT,273823616,$273.82M
GSRFU,273624640,$273.62M
ACRS,273030016,$273.03M
ZURA,271775488,$271.78M
FRST,271581120,$271.58M
REKR,271114976,$271.11M
CURI,270657984,$270.66M
BRY,270072672,$270.07M
REFI,269342304,$269.34M
QTRX,268119952,$268.12M
TOYO,267817632,$267.82M
PCYO,267535504,$267.54M
RMR,267181520,$267.18M
GDC,266529232,$266.53M
TSBK,265878544,$265.88M
NXXT,265799120,$265.80M
GSIT,265370032,$265.37M
FHTX,265225536,$265.23M
CV,265208944,$265.21M
AIRJ,263949232,$263.95M
THRY,263204416,$263.20M
CAPR,262856832,$262.86M
PDYN,261052304,$261.05M
CDRO,259696240,$259.70M
FDBC,259412544,$259.41M
OACC,259348224,$259.35M
AFRI,258793312,$258.79M
ETHZ,258629920,$258.63M
VNDA,257070336,$257.07M
BDTX,256777888,$256.78M
DFDV,256766848,$256.77M
ACB,256294512,$256.29M
MPAA,256014432,$256.01M
ALCO,255507936,$255.51M
NWFL,255228704,$255.23M
PMTR,254820640,$254.82M
CADL,254728128,$254.73M
PKBK,254522384,$254.52M
EDIT,253808496,$253.81M
PLMK,252610736,$252.61M
GASS,252325712,$252.33M
CHMG,251743408,$251.74M
SGMT,251717184,$251.72M
NVX,251439136,$251.44M
FACT,251240656,$251.24M
PBYI,249435984,$249.44M
FINW,248904704,$248.90M
SIMAU,248400000,$248.40M
SVCCU,248139040,$248.14M
FUND,247954864,$247.95M
ANTA,246482768,$246.48M
SSSS,246167104,$246.17M
ABEO,245486864,$245.49M
OVLY,245019952,$245.02M
PESI,244267808,$244.27M
ACHV,243811680,$243.81M
VMD,243694784,$243.69M
ALMU,243623664,$243.62M
CVRX,242967712,$242.97M
GPRO,241955392,$241.96M
WNEB,241702688,$241.70M
NETD,241680448,$241.68M
DRDB,240350000,$240.35M
PVBC,240069776,$240.07M
MCGA,240057136,$240.06M
CCCC,239378608,$239.38M
ALTS,239281264,$239.28M
AVIR,239068000,$239.07M
RAAQ,238280016,$238.28M
TKNO,238204816,$238.20M
PTNM,238164784,$238.16M
SOCA,237783008,$237.78M
NAUT,237397808,$237.40M
RANI,237318208,$237.32M
FUNC,237202096,$237.20M
CURR,237057824,$237.06M
OBIO,236322480,$236.32M
DAAQ,235980016,$235.98M
AARD,235704960,$235.70M
MDWD,235657936,$235.66M
FLX,234728704,$234.73M
PNRG,234421792,$234.42M
WALD,232491248,$232.49M
MYFW,231598704,$231.60M
TCX,231289392,$231.29M
MFIN,231164784,$231.16M
ELVA,230527216,$230.53M
ATGL,230475008,$230.48M
PRQR,228599072,$228.60M
TDAC,228495232,$228.50M
TNYA,228113072,$228.11M
BPRN,227852368,$227.85M
TLSI,227837264,$227.84M
FVCB,227381152,$227.38M
ONEW,227221504,$227.22M
RCKY,227095552,$227.10M
CFFI,226935312,$226.94M
PRE,226679040,$226.68M
ASUR,226553216,$226.55M
FBLA,225847568,$225.85M
SNFCA,225618864,$225.62M
NUAI,225514704,$225.51M
CABA,225260576,$225.26M
RGCO,225096208,$225.10M
OABI,224570400,$224.57M
SVCC,223714464,$223.71M
TWIN,223158352,$223.16M
ONCH,222956272,$222.96M
VYGR,221288336,$221.29M
ARCT,220765408,$220.77M
BNC,220585376,$220.59M
AZ,218773536,$218.77M
FENC,218757152,$218.76M
FRAF,218621808,$218.62M
CBIO,218508960,$218.51M
BRLT,218292768,$218.29M
USAU,218190800,$218.19M
PAL,217886576,$217.89M
FXNC,217572400,$217.57M
VABK,217395888,$217.40M
NYXH,217153536,$217.15M
EWCZ,216658464,$216.66M
TRVG,215852592,$215.85M
GNFT,215834000,$215.83M
EMPD,215629280,$215.63M
RICK,215572352,$215.57M
RDCM,214095536,$214.10M
FCCO,213388992,$213.39M
CEPO,212790000,$212.79M
OPRT,212701888,$212.70M
PPIH,212644144,$212.64M
TARA,212615808,$212.62M
POWW,212547984,$212.55M
XGN,212017632,$212.02M
SHMD,211867136,$211.87M
FSFG,211047312,$211.05M
PAMT,209887968,$209.89M
GSHR,209859152,$209.86M
SLS,209430192,$209.43M
CXDO,209278432,$209.28M
OMSE,209272096,$209.27M
DERM,209099136,$209.10M
RDNW,208990592,$208.99M
GNLX,208684608,$208.68M
GCL,208374064,$208.37M
TONX,207854416,$207.85M
OGI,206619152,$206.62M
XWIN,206271088,$206.27M
PROF,205864016,$205.86M
SATL,205239520,$205.24M
CRGO,205143376,$205.14M
TRUE,204562112,$204.56M
TLSA,204377296,$204.38M
DOYU,204009088,$204.01M
SKYX,203611376,$203.61M
SWKH,203090272,$203.09M
DYORU,202600000,$202.60M
YDDL,202539008,$202.54M
SMID,202370736,$202.37M
VNME,200200000,$200.20M
CAMP,200182432,$200.18M
TMCI,200074752,$200.07M
SHIP,197839088,$197.84M
OPBK,197528160,$197.53M
FLWS,197367440,$197.37M
MDXH,196504416,$196.50M
VUZI,196309888,$196.31M
FIGX,196182144,$196.18M
RPID,196048736,$196.05M
CRBP,194312096,$194.31M
MRAM,194280368,$194.28M
EFSI,194086080,$194.09M
RNAC,193986896,$193.99M
TWNP,193318288,$193.32M
SDA,193124096,$193.12M
UPXI,192937920,$192.94M
PLCE,192638960,$192.64M
SMTI,192474064,$192.47M
NKSH,191746160,$191.75M
MRNO,191547328,$191.55M
CRNT,191025936,$191.03M
ATLO,190559136,$190.56M
FLXS,190493696,$190.49M
TNXP,190191152,$190.19M
NNOX,189900672,$189.90M
AIIO,189531936,$189.53M
GIFI,188303664,$188.30M
NTWO,187543072,$187.54M
CRBU,187417648,$187.42M
FNKO,186100992,$186.10M
CPSS,185176080,$185.18M
DPRO,184681920,$184.68M
GAMB,184626192,$184.63M
DUOT,181662960,$181.66M
DIBS,181607168,$181.61M
ESCA,181450240,$181.45M
DGXX,181176224,$181.18M
BGL,180833936,$180.83M
PLBY,180680736,$180.68M
BZUN,180397984,$180.40M
UTMD,180241744,$180.24M
STRZ,180072096,$180.07M
SEV,179561344,$179.56M
SANG,178022640,$178.02M
VWAV,178009680,$178.01M
SUIG,177169968,$177.17M
FBRX,175054576,$175.05M
NTHI,175054384,$175.05M
NUTR,174412512,$174.41M
ZEO,174399184,$174.40M
NEOV,174036992,$174.04M
VIOT,173986480,$173.99M
FTLF,172597024,$172.60M
CHEC,172314784,$172.31M
BLFY,171084832,$171.08M
UBFO,171013072,$171.01M
ETHM,170814000,$170.81M
CBFV,170652112,$170.65M
AVX,170395232,$170.40M
DMRC,170087280,$170.09M
MRBK,169997648,$170.00M
MIST,169988528,$169.99M
NIPG,169817632,$169.82M
ESOA,169668960,$169.67M
RANG,168874864,$168.87M
MXCT,168498064,$168.50M
BLNK,168462976,$168.46M
CEP,168404992,$168.40M
OVBC,167569616,$167.57M
BCIC,166785952,$166.79M
SKIN,165753968,$165.75M
OSUR,165704448,$165.70M
TAVI,165417456,$165.42M
FTCI,164792688,$164.79M
ARBE,164085504,$164.09M
ROMA,163802576,$163.80M
WHF,163631344,$163.63M
BHST,163586624,$163.59M
CZWI,163249696,$163.25M
ONEG,162578496,$162.58M
PEBK,162342976,$162.34M
RFAI,161834752,$161.83M
XTKG,161449696,$161.45M
FRD,160877568,$160.88M
RAIL,160557120,$160.56M
NMP,160347168,$160.35M
RGP,160274384,$160.27M
DOGZ,160129136,$160.13M
OXSQ,159255344,$159.26M
ESGL,158967152,$158.97M
PGJ,158646592,$158.65M
CGEN,158187840,$158.19M
MOLN,157824416,$157.82M
ALTO,157778672,$157.78M
EGHA,157170000,$157.17M
EMIS,156969536,$156.97M
RILY,156500800,$156.50M
AVR,156138800,$156.14M
FFAI,156043456,$156.04M
CYPH,155792560,$155.79M
TROO,155766480,$155.77M
APYX,155644560,$155.64M
CRMT,155218496,$155.22M
ECBK,154460640,$154.46M
NVCT,154201680,$154.20M
FNWD,153911392,$153.91M
SXTC,153155936,$153.16M
FCAP,153060480,$153.06M
CHCI,152791520,$152.79M
WLAC,152685504,$152.69M
SGMO,152559872,$152.56M
ARQ,152417168,$152.42M
CHRS,152297488,$152.30M
RELL,151740688,$151.74M
FLD,151686000,$151.69M
BTM,151556992,$151.56M
PMTS,151342480,$151.34M
AURE,151039968,$151.04M
MCRB,150715008,$150.72M
SGC,150126800,$150.13M
BANX,149991472,$149.99M
STRS,149537808,$149.54M
ELTX,148841760,$148.84M
FORR,148793488,$148.79M
AEYE,148775024,$148.78M
CDXS,148583616,$148.58M
RENT,147779072,$147.78M
AGEN,147596240,$147.60M
YMT,147493632,$147.49M
CFBK,146338128,$146.34M
ANIK,145654304,$145.65M
TAVIU,144941648,$144.94M
ANIX,144505264,$144.51M
YOUL,144492144,$144.49M
CRDF,144486048,$144.49M
RCMT,143986208,$143.99M
EMPG,143046400,$143.05M
AMBR,142444592,$142.44M
BFIN,142425552,$142.43M
SAVA,142282960,$142.28M
TAYD,141817824,$141.82M
ATLN,141815120,$141.82M
CTW,141648000,$141.65M
DTIL,141541904,$141.54M
STEX,140534032,$140.53M
MRCC,140179552,$140.18M
MNSB,140110912,$140.11M
SPWR,140036112,$140.04M
ZENA,139799552,$139.80M
STIM,139711280,$139.71M
BEEP,139589984,$139.59M
MRSN,139565104,$139.57M
MBOT,139017152,$139.02M
TTEC,138848656,$138.85M
EXOZ,137550896,$137.55M
ACTU,137368064,$137.37M
SPRO,137311552,$137.31M
SCAG,137263584,$137.26M
CGTX,136825088,$136.83M
ANNA,136282512,$136.28M
SCLX,135551936,$135.55M
ALEC,135347824,$135.35M
OCCI,135254128,$135.25M
AHMA,135248752,$135.25M
SEVN,134826000,$134.83M
CCLD,134822592,$134.82M
BUUU,134734000,$134.73M
SBFG,134731728,$134.73M
BTCS,134067240,$134.07M
NKTX,133893480,$133.89M
TYGO,132912216,$132.91M
VGAS,132848672,$132.85M
BCBP,132484904,$132.48M
SVCO,132364280,$132.36M
EXFY,132115264,$132.12M
ELDN,132060288,$132.06M
EBMT,131767576,$131.77M
GMGI,130743888,$130.74M
AGCC,130588608,$130.59M
SUNS,130586184,$130.59M
CLAR,130182184,$130.18M
CLYM,129550416,$129.55M
ACNT,129140784,$129.14M
SEAT,129102560,$129.10M
SLSN,129082432,$129.08M
ALPS,128911208,$128.91M
BSET,128027360,$128.03M
AMTX,127858656,$127.86M
RMBI,127331616,$127.33M
OSS,126996992,$127.00M
ACOG,126679696,$126.68M
ARAI,126488232,$126.49M
SLNH,126291408,$126.29M
ARAY,125808656,$125.81M
ENTX,125117664,$125.12M
WRAP,124748816,$124.75M
COYA,124075640,$124.08M
USGO,123218680,$123.22M
VTVT,123141816,$123.14M
EHTH,122136192,$122.14M
AISP,122006752,$122.01M
PELI,121907296,$121.91M
ZJK,121900488,$121.90M
BNR,121877872,$121.88M
UNCY,121856216,$121.86M
BOOM,120927936,$120.93M
SPRB,120491544,$120.49M
EML,119792048,$119.79M
PCSC,119418328,$119.42M
WKEY,119415136,$119.42M
AFBI,119404776,$119.40M
SRBK,119305064,$119.31M
STTK,118966104,$118.97M
CNTB,118515440,$118.52M
FGNX,116963880,$116.96M
VTGN,116585792,$116.59M
QSEA,116268016,$116.27M
ONCY,115751080,$115.75M
SPEG,115690008,$115.69M
GLSI,115269760,$115.27M
TTRX,115189304,$115.19M
MERC,115038720,$115.04M
FATE,114941008,$114.94M
BTMD,114595336,$114.60M
CGO,114487976,$114.49M
AEC,114377672,$114.38M
RCEL,114349168,$114.35M
CHAR,114035992,$114.04M
QUMS,113781336,$113.78M
PGAC,113672912,$113.67M
SEER,113523392,$113.52M
SAMG,113208696,$113.21M
CCHH,112997496,$113.00M
EUDA,112873176,$112.87M
SIEB,112786832,$112.79M
FOSL,112653592,$112.65M
SERA,112282512,$112.28M
VIRC,112065584,$112.07M
ABVE,111598232,$111.60M
SRZN,111257040,$111.26M
CSPI,111223672,$111.22M
CTOR,111072880,$111.07M
VRM,110987792,$110.99M
ABOS,110275328,$110.28M
RVSB,110184496,$110.18M
RBKB,109562040,$109.56M
SNT,109192128,$109.19M
BSBK,109189936,$109.19M
GECC,109185712,$109.19M
GANX,108552376,$108.55M
SAFX,108548080,$108.55M
RFAIU,108500000,$108.50M
BIOX,108443032,$108.44M
DLTH,107873832,$107.87M
MGYR,107466208,$107.47M
FGMCU,107076320,$107.08M
EPSN,107025976,$107.03M
SFBC,106912464,$106.91M
CNTX,106579840,$106.58M
UNB,105713616,$105.71M
BAER,105531896,$105.53M
QMCO,105450864,$105.45M
PNBK,105365808,$105.37M
THAR,105151096,$105.15M
PLRX,105067536,$105.07M
RSSS,105029712,$105.03M
ASYS,104993464,$104.99M
ASPS,104972160,$104.97M
QUIK,104934144,$104.93M
RDZN,104910016,$104.91M
OMEX,104874704,$104.87M
VELO,104833352,$104.83M
PDEX,104677712,$104.68M
DCGO,104660320,$104.66M
ZYBT,104279992,$104.28M
CRDL,103651968,$103.65M
VANI,103592168,$103.59M
MMLP,103495968,$103.50M
ATOS,103337144,$103.34M
FGMC,103031104,$103.03M
GNSS,102500720,$102.50M
QIPT,102432952,$102.43M
ACET,101623776,$101.62M
CHPG,101570696,$101.57M
MGNX,101213648,$101.21M
RITR,101207192,$101.21M
PROV,100868176,$100.87M
WHWK,100854696,$100.85M
NOMA,100842256,$100.84M
YTRA,100752648,$100.75M
GAIA,100670744,$100.67M
AEI,100617424,$100.62M
